name,comment,category,host,port,protocol,payload_hex
Adobe — lm.licenses.adobe.com:443,Adobe endpoint from supplied list. Port not specified in source; TCP 443 is an assumption. Confirm against Adobe documentation/network policy.,Adobe Creative Cloud,lm.licenses.adobe.com,443,TCP,
Adobe — resources.licenses.adobe.com:443,Adobe endpoint from supplied list. Port not specified in source; TCP 443 is an assumption. Confirm against Adobe documentation/network policy.,Adobe Creative Cloud,resources.licenses.adobe.com,443,TCP,
Adobe — cs.licenses.adobe.com:443,Adobe endpoint from supplied list. Port not specified in source; TCP 443 is an assumption. Confirm against Adobe documentation/network policy.,Adobe Creative Cloud,cs.licenses.adobe.com,443,TCP,
Adobe — exception.licenses.adobe.com:443,Adobe endpoint from supplied list. Port not specified in source; TCP 443 is an assumption. Confirm against Adobe documentation/network policy.,Adobe Creative Cloud,exception.licenses.adobe.com,443,TCP,
Adobe — pubcerts.licenses.adobe.com:443,Adobe endpoint from supplied list. Port not specified in source; TCP 443 is an assumption. Confirm against Adobe documentation/network policy.,Adobe Creative Cloud,pubcerts.licenses.adobe.com,443,TCP,
Adobe — workflow.licenses.adobe.com:443,Adobe endpoint from supplied list. Port not specified in source; TCP 443 is an assumption. Confirm against Adobe documentation/network policy.,Adobe Creative Cloud,workflow.licenses.adobe.com,443,TCP,
Adobe — auth.services.adobe.com:443,Adobe endpoint from supplied list. Port not specified in source; TCP 443 is an assumption. Confirm against Adobe documentation/network policy.,Adobe Creative Cloud,auth.services.adobe.com,443,TCP,
Adobe — acrs.adobe.com:443,Adobe endpoint from supplied list. Port not specified in source; TCP 443 is an assumption. Confirm against Adobe documentation/network policy.,Adobe Creative Cloud,acrs.adobe.com,443,TCP,
Adobe — adobecloudpackager.adobe.io:443,Adobe endpoint from supplied list. Port not specified in source; TCP 443 is an assumption. Confirm against Adobe documentation/network policy.,Adobe Creative Cloud,adobecloudpackager.adobe.io,443,TCP,
Adobe — adminconsole.adobe.com:443,Adobe endpoint from supplied list. Port not specified in source; TCP 443 is an assumption. Confirm against Adobe documentation/network policy.,Adobe Creative Cloud,adminconsole.adobe.com,443,TCP,
Adobe — cc-ext-prod-pkgs.s3.amazonaws.com:443,Adobe endpoint from supplied list. Port not specified in source; TCP 443 is an assumption. Confirm against Adobe documentation/network policy.,Adobe Creative Cloud,cc-ext-prod-pkgs.s3.amazonaws.com,443,TCP,
Adobe — ccmdls.adobe.com:443,Adobe endpoint from supplied list. Port not specified in source; TCP 443 is an assumption. Confirm against Adobe documentation/network policy.,Adobe Creative Cloud,ccmdls.adobe.com,443,TCP,
Adobe — ccmdl.adobe.com:443,Adobe endpoint from supplied list. Port not specified in source; TCP 443 is an assumption. Confirm against Adobe documentation/network policy.,Adobe Creative Cloud,ccmdl.adobe.com,443,TCP,
Adobe — ans.oobesaas.adobe.com:443,Adobe endpoint from supplied list. Port not specified in source; TCP 443 is an assumption. Confirm against Adobe documentation/network policy.,Adobe Creative Cloud,ans.oobesaas.adobe.com,443,TCP,
Adobe — ars.oobesaas.adobe.com:443,Adobe endpoint from supplied list. Port not specified in source; TCP 443 is an assumption. Confirm against Adobe documentation/network policy.,Adobe Creative Cloud,ars.oobesaas.adobe.com,443,TCP,
Adobe — cdn-ffc.oobesaas.adobe.com:443,Adobe endpoint from supplied list. Port not specified in source; TCP 443 is an assumption. Confirm against Adobe documentation/network policy.,Adobe Creative Cloud,cdn-ffc.oobesaas.adobe.com,443,TCP,
Adobe — ffc-icons.oobesaas.adobe.com:443,Adobe endpoint from supplied list. Port not specified in source; TCP 443 is an assumption. Confirm against Adobe documentation/network policy.,Adobe Creative Cloud,ffc-icons.oobesaas.adobe.com,443,TCP,
Adobe — ffc-static-cdn.oobesaas.adobe.com:443,Adobe endpoint from supplied list. Port not specified in source; TCP 443 is an assumption. Confirm against Adobe documentation/network policy.,Adobe Creative Cloud,ffc-static-cdn.oobesaas.adobe.com,443,TCP,
Adobe — prod-rel-ffc-ccm.oobesaas.adobe.com:443,Adobe endpoint from supplied list. Port not specified in source; TCP 443 is an assumption. Confirm against Adobe documentation/network policy.,Adobe Creative Cloud,prod-rel-ffc-ccm.oobesaas.adobe.com,443,TCP,
Adobe — acc.adobeoobe.com:443,Adobe endpoint from supplied list. Port not specified in source; TCP 443 is an assumption. Confirm against Adobe documentation/network policy.,Adobe Creative Cloud,acc.adobeoobe.com,443,TCP,
Adobe — prod.acp.adobeoobe.com:443,Adobe endpoint from supplied list. Port not specified in source; TCP 443 is an assumption. Confirm against Adobe documentation/network policy.,Adobe Creative Cloud,prod.acp.adobeoobe.com,443,TCP,
Adobe — mir-s3-cdn-cf.behance.net:443,Adobe endpoint from supplied list. Port not specified in source; TCP 443 is an assumption. Confirm against Adobe documentation/network policy.,Adobe Creative Cloud,mir-s3-cdn-cf.behance.net,443,TCP,
Adobe — swupmf.adobe.com:443,Adobe endpoint from supplied list. Port not specified in source; TCP 443 is an assumption. Confirm against Adobe documentation/network policy.,Adobe Creative Cloud,swupmf.adobe.com,443,TCP,
Adobe — swupdl.adobe.com:443,Adobe endpoint from supplied list. Port not specified in source; TCP 443 is an assumption. Confirm against Adobe documentation/network policy.,Adobe Creative Cloud,swupdl.adobe.com,443,TCP,
Adobe — oobe.adobe.com:443,Adobe endpoint from supplied list. Port not specified in source; TCP 443 is an assumption. Confirm against Adobe documentation/network policy.,Adobe Creative Cloud,oobe.adobe.com,443,TCP,
Adobe — productrouter.adobe.com:443,Adobe endpoint from supplied list. Port not specified in source; TCP 443 is an assumption. Confirm against Adobe documentation/network policy.,Adobe Creative Cloud,productrouter.adobe.com,443,TCP,
Adobe — s3.amazonaws.com:443,Adobe endpoint from supplied list. Port not specified in source; TCP 443 is an assumption. Confirm against Adobe documentation/network policy.,Adobe Creative Cloud,s3.amazonaws.com,443,TCP,
Adobe — tron-prod-customized-user-packages.s3.amazonaws.com:443,Adobe endpoint from supplied list. Port not specified in source; TCP 443 is an assumption. Confirm against Adobe documentation/network policy.,Adobe Creative Cloud,tron-prod-customized-user-packages.s3.amazonaws.com,443,TCP,
Adobe — armmf.adobe.com:443,Adobe endpoint from supplied list. Port not specified in source; TCP 443 is an assumption. Confirm against Adobe documentation/network policy.,Adobe Creative Cloud,armmf.adobe.com,443,TCP,
Adobe — ardownload.adobe.com:443,Adobe endpoint from supplied list. Port not specified in source; TCP 443 is an assumption. Confirm against Adobe documentation/network policy.,Adobe Creative Cloud,ardownload.adobe.com,443,TCP,
Adobe — ardownload2.adobe.com:443,Adobe endpoint from supplied list. Port not specified in source; TCP 443 is an assumption. Confirm against Adobe documentation/network policy.,Adobe Creative Cloud,ardownload2.adobe.com,443,TCP,
Adobe — agsupdate.adobe.com:443,Adobe endpoint from supplied list. Port not specified in source; TCP 443 is an assumption. Confirm against Adobe documentation/network policy.,Adobe Creative Cloud,agsupdate.adobe.com,443,TCP,
Adobe — ims-na1.adobelogin.com:443,Adobe endpoint from supplied list. Port not specified in source; TCP 443 is an assumption. Confirm against Adobe documentation/network policy.,Adobe Creative Cloud,ims-na1.adobelogin.com,443,TCP,
Adobe — ims-prod06.adobelogin.com:443,Adobe endpoint from supplied list. Port not specified in source; TCP 443 is an assumption. Confirm against Adobe documentation/network policy.,Adobe Creative Cloud,ims-prod06.adobelogin.com,443,TCP,
Adobe — ims-prod07.adobelogin.com:443,Adobe endpoint from supplied list. Port not specified in source; TCP 443 is an assumption. Confirm against Adobe documentation/network policy.,Adobe Creative Cloud,ims-prod07.adobelogin.com,443,TCP,
Adobe — static.adobelogin.com:443,Adobe endpoint from supplied list. Port not specified in source; TCP 443 is an assumption. Confirm against Adobe documentation/network policy.,Adobe Creative Cloud,static.adobelogin.com,443,TCP,
Adobe — delegated.adobelogin.com:443,Adobe endpoint from supplied list. Port not specified in source; TCP 443 is an assumption. Confirm against Adobe documentation/network policy.,Adobe Creative Cloud,delegated.adobelogin.com,443,TCP,
Adobe — adobeid.services.adobe.com:443,Adobe endpoint from supplied list. Port not specified in source; TCP 443 is an assumption. Confirm against Adobe documentation/network policy.,Adobe Creative Cloud,adobeid.services.adobe.com,443,TCP,
Adobe — adobeid-na1.services.adobe.com:443,Adobe endpoint from supplied list. Port not specified in source; TCP 443 is an assumption. Confirm against Adobe documentation/network policy.,Adobe Creative Cloud,adobeid-na1.services.adobe.com,443,TCP,
Adobe — federatedid-na1.services.adobe.com:443,Adobe endpoint from supplied list. Port not specified in source; TCP 443 is an assumption. Confirm against Adobe documentation/network policy.,Adobe Creative Cloud,federatedid-na1.services.adobe.com,443,TCP,
Adobe — na1e-acc.services.adobe.com:443,Adobe endpoint from supplied list. Port not specified in source; TCP 443 is an assumption. Confirm against Adobe documentation/network policy.,Adobe Creative Cloud,na1e-acc.services.adobe.com,443,TCP,
Adobe — na1e.services.adobe.com:443,Adobe endpoint from supplied list. Port not specified in source; TCP 443 is an assumption. Confirm against Adobe documentation/network policy.,Adobe Creative Cloud,na1e.services.adobe.com,443,TCP,
Adobe — na1r.services.adobe.com:443,Adobe endpoint from supplied list. Port not specified in source; TCP 443 is an assumption. Confirm against Adobe documentation/network policy.,Adobe Creative Cloud,na1r.services.adobe.com,443,TCP,
Adobe — ad.adobe-identity.com:443,Adobe endpoint from supplied list. Port not specified in source; TCP 443 is an assumption. Confirm against Adobe documentation/network policy.,Adobe Creative Cloud,ad.adobe-identity.com,443,TCP,
Adobe — ids-proxy.account.adobe.com:443,Adobe endpoint from supplied list. Port not specified in source; TCP 443 is an assumption. Confirm against Adobe documentation/network policy.,Adobe Creative Cloud,ids-proxy.account.adobe.com,443,TCP,
Adobe — lcs-cops.adobe.io:443,Adobe endpoint from supplied list. Port not specified in source; TCP 443 is an assumption. Confirm against Adobe documentation/network policy.,Adobe Creative Cloud,lcs-cops.adobe.io,443,TCP,
Adobe — lcs-robs.adobe.io:443,Adobe endpoint from supplied list. Port not specified in source; TCP 443 is an assumption. Confirm against Adobe documentation/network policy.,Adobe Creative Cloud,lcs-robs.adobe.io,443,TCP,
Adobe — lcs-entitlement.adobe.io:443,Adobe endpoint from supplied list. Port not specified in source; TCP 443 is an assumption. Confirm against Adobe documentation/network policy.,Adobe Creative Cloud,lcs-entitlement.adobe.io,443,TCP,
Adobe — lcs-ulecs.adobe.io:443,Adobe endpoint from supplied list. Port not specified in source; TCP 443 is an assumption. Confirm against Adobe documentation/network policy.,Adobe Creative Cloud,lcs-ulecs.adobe.io,443,TCP,
Adobe — ams.adobe.com:443,Adobe endpoint from supplied list. Port not specified in source; TCP 443 is an assumption. Confirm against Adobe documentation/network policy.,Adobe Creative Cloud,ams.adobe.com,443,TCP,
Adobe — adobelogin.prod.ims.adobejanus.com:443,Adobe endpoint from supplied list. Port not specified in source; TCP 443 is an assumption. Confirm against Adobe documentation/network policy.,Adobe Creative Cloud,adobelogin.prod.ims.adobejanus.com,443,TCP,
Adobe — services.prod.ims.adobejanus.com:443,Adobe endpoint from supplied list. Port not specified in source; TCP 443 is an assumption. Confirm against Adobe documentation/network policy.,Adobe Creative Cloud,services.prod.ims.adobejanus.com,443,TCP,
Adobe — www-prod.adobesunbreak.com:443,Adobe endpoint from supplied list. Port not specified in source; TCP 443 is an assumption. Confirm against Adobe documentation/network policy.,Adobe Creative Cloud,www-prod.adobesunbreak.com,443,TCP,
Adobe — genuine.adobe.com:443,Adobe endpoint from supplied list. Port not specified in source; TCP 443 is an assumption. Confirm against Adobe documentation/network policy.,Adobe Creative Cloud,genuine.adobe.com,443,TCP,
Adobe — prod.adobegenuine.com:443,Adobe endpoint from supplied list. Port not specified in source; TCP 443 is an assumption. Confirm against Adobe documentation/network policy.,Adobe Creative Cloud,prod.adobegenuine.com,443,TCP,
Adobe — armdl.adobe.com:80,Adobe endpoint from supplied list. Port inferred from explicit http:// URL (80); TCP reachability only.,Adobe Creative Cloud,armdl.adobe.com,80,TCP,
Adobe — api-cna01.adobe-services.com:443,Adobe endpoint from supplied list. Port not specified in source; TCP 443 is an assumption. Confirm against Adobe documentation/network policy.,Adobe Creative Cloud,api-cna01.adobe-services.com,443,TCP,
Adobe — supportanyware.adobe.io:443,Adobe endpoint from supplied list. Port not specified in source; TCP 443 is an assumption. Confirm against Adobe documentation/network policy.,Adobe Creative Cloud,supportanyware.adobe.io,443,TCP,
Adobe — acc-learn.adobe.com:443,Adobe endpoint from supplied list. Port not specified in source; TCP 443 is an assumption. Confirm against Adobe documentation/network policy.,Adobe Creative Cloud,acc-learn.adobe.com,443,TCP,
Adobe — acc-learn.adobe.io:443,Adobe endpoint from supplied list. Port not specified in source; TCP 443 is an assumption. Confirm against Adobe documentation/network policy.,Adobe Creative Cloud,acc-learn.adobe.io,443,TCP,
Adobe — accounts.adobe.com:443,Adobe endpoint from supplied list. Port not specified in source; TCP 443 is an assumption. Confirm against Adobe documentation/network policy.,Adobe Creative Cloud,accounts.adobe.com,443,TCP,
Adobe — acp-ss-ue1.adobe.io:443,Adobe endpoint from supplied list. Port not specified in source; TCP 443 is an assumption. Confirm against Adobe documentation/network policy.,Adobe Creative Cloud,acp-ss-ue1.adobe.io,443,TCP,
Adobe — adobe-api.arkoselabs.com:443,Adobe endpoint from supplied list. Port not specified in source; TCP 443 is an assumption. Confirm against Adobe documentation/network policy.,Adobe Creative Cloud,adobe-api.arkoselabs.com,443,TCP,
Adobe — adobe-verify.arkoselabs.com:443,Adobe endpoint from supplied list. Port not specified in source; TCP 443 is an assumption. Confirm against Adobe documentation/network policy.,Adobe Creative Cloud,adobe-verify.arkoselabs.com,443,TCP,
Adobe — api.account.adobe.com:443,Adobe endpoint from supplied list. Port not specified in source; TCP 443 is an assumption. Confirm against Adobe documentation/network policy.,Adobe Creative Cloud,api.account.adobe.com,443,TCP,
Adobe — api.typekit.com:443,Adobe endpoint from supplied list. Port not specified in source; TCP 443 is an assumption. Confirm against Adobe documentation/network policy.,Adobe Creative Cloud,api.typekit.com,443,TCP,
Adobe — cc-api-behance.adobe.io:443,Adobe endpoint from supplied list. Port not specified in source; TCP 443 is an assumption. Confirm against Adobe documentation/network policy.,Adobe Creative Cloud,cc-api-behance.adobe.io,443,TCP,
Adobe — cc-api-data.adobe.io:443,Adobe endpoint from supplied list. Port not specified in source; TCP 443 is an assumption. Confirm against Adobe documentation/network policy.,Adobe Creative Cloud,cc-api-data.adobe.io,443,TCP,
Adobe — cc-api-storage.adobe.io:443,Adobe endpoint from supplied list. Port not specified in source; TCP 443 is an assumption. Confirm against Adobe documentation/network policy.,Adobe Creative Cloud,cc-api-storage.adobe.io,443,TCP,
Adobe — client-api.arkoselabs.com:443,Adobe endpoint from supplied list. Port not specified in source; TCP 443 is an assumption. Confirm against Adobe documentation/network policy.,Adobe Creative Cloud,client-api.arkoselabs.com,443,TCP,
Adobe — client-verify.arkoselabs.com:443,Adobe endpoint from supplied list. Port not specified in source; TCP 443 is an assumption. Confirm against Adobe documentation/network policy.,Adobe Creative Cloud,client-verify.arkoselabs.com,443,TCP,
Adobe — crs.cr.adobe.com:443,Adobe endpoint from supplied list. Port not specified in source; TCP 443 is an assumption. Confirm against Adobe documentation/network policy.,Adobe Creative Cloud,crs.cr.adobe.com,443,TCP,
Adobe — data.typekit.net:443,Adobe endpoint from supplied list. Port not specified in source; TCP 443 is an assumption. Confirm against Adobe documentation/network policy.,Adobe Creative Cloud,data.typekit.net,443,TCP,
Adobe — federation-gateway.adobe.io:443,Adobe endpoint from supplied list. Port not specified in source; TCP 443 is an assumption. Confirm against Adobe documentation/network policy.,Adobe Creative Cloud,federation-gateway.adobe.io,443,TCP,
Adobe — fonts.adobe.com:443,Adobe endpoint from supplied list. Port not specified in source; TCP 443 is an assumption. Confirm against Adobe documentation/network policy.,Adobe Creative Cloud,fonts.adobe.com,443,TCP,
Adobe — helpx.adobe.com:443,Adobe endpoint from supplied list. Port not specified in source; TCP 443 is an assumption. Confirm against Adobe documentation/network policy.,Adobe Creative Cloud,helpx.adobe.com,443,TCP,
Adobe — notify.adobe.io:443,Adobe endpoint from supplied list. Port not specified in source; TCP 443 is an assumption. Confirm against Adobe documentation/network policy.,Adobe Creative Cloud,notify.adobe.io,443,TCP,
Adobe — p.typekit.net:443,Adobe endpoint from supplied list. Port not specified in source; TCP 443 is an assumption. Confirm against Adobe documentation/network policy.,Adobe Creative Cloud,p.typekit.net,443,TCP,
Adobe — p13n.adobe.io:443,Adobe endpoint from supplied list. Port not specified in source; TCP 443 is an assumption. Confirm against Adobe documentation/network policy.,Adobe Creative Cloud,p13n.adobe.io,443,TCP,
Adobe — p13n-mr.adobe.io:443,Adobe endpoint from supplied list. Port not specified in source; TCP 443 is an assumption. Confirm against Adobe documentation/network policy.,Adobe Creative Cloud,p13n-mr.adobe.io,443,TCP,
Adobe — polka.typekit.com:443,Adobe endpoint from supplied list. Port not specified in source; TCP 443 is an assumption. Confirm against Adobe documentation/network policy.,Adobe Creative Cloud,polka.typekit.com,443,TCP,
Adobe — prod.adobeccstatic.com:443,Adobe endpoint from supplied list. Port not specified in source; TCP 443 is an assumption. Confirm against Adobe documentation/network policy.,Adobe Creative Cloud,prod.adobeccstatic.com,443,TCP,
Adobe — public.adobecc.com:443,Adobe endpoint from supplied list. Port not specified in source; TCP 443 is an assumption. Confirm against Adobe documentation/network policy.,Adobe Creative Cloud,public.adobecc.com,443,TCP,
Adobe — scss.adobesc.com:443,Adobe endpoint from supplied list. Port not specified in source; TCP 443 is an assumption. Confirm against Adobe documentation/network policy.,Adobe Creative Cloud,scss.adobesc.com,443,TCP,
Adobe — ss-prod-ue1-notif-16.aws.adobess.com:443,Adobe endpoint from supplied list. Port not specified in source; TCP 443 is an assumption. Confirm against Adobe documentation/network policy.,Adobe Creative Cloud,ss-prod-ue1-notif-16.aws.adobess.com,443,TCP,
Adobe — sso.behance.net:443,Adobe endpoint from supplied list. Port not specified in source; TCP 443 is an assumption. Confirm against Adobe documentation/network policy.,Adobe Creative Cloud,sso.behance.net,443,TCP,
Adobe — sstats.adobe.com:443,Adobe endpoint from supplied list. Port not specified in source; TCP 443 is an assumption. Confirm against Adobe documentation/network policy.,Adobe Creative Cloud,sstats.adobe.com,443,TCP,
Adobe — state.typekit.net:443,Adobe endpoint from supplied list. Port not specified in source; TCP 443 is an assumption. Confirm against Adobe documentation/network policy.,Adobe Creative Cloud,state.typekit.net,443,TCP,
Adobe — use.typekit.net:443,Adobe endpoint from supplied list. Port not specified in source; TCP 443 is an assumption. Confirm against Adobe documentation/network policy.,Adobe Creative Cloud,use.typekit.net,443,TCP,
Adobe — wwwimages.adobe.com:443,Adobe endpoint from supplied list. Port not specified in source; TCP 443 is an assumption. Confirm against Adobe documentation/network policy.,Adobe Creative Cloud,wwwimages.adobe.com,443,TCP,
Adobe — wwwimages2.adobe.com:443,Adobe endpoint from supplied list. Port not specified in source; TCP 443 is an assumption. Confirm against Adobe documentation/network policy.,Adobe Creative Cloud,wwwimages2.adobe.com,443,TCP,
Adobe — delegated.identity.adobe.com:443,Adobe endpoint from supplied list. Port not specified in source; TCP 443 is an assumption. Confirm against Adobe documentation/network policy.,Adobe Creative Cloud,delegated.identity.adobe.com,443,TCP,
Adobe — www.adobe.com:443,Adobe endpoint from supplied list. Port not specified in source; TCP 443 is an assumption. Confirm against Adobe documentation/network policy.,Adobe Creative Cloud,www.adobe.com,443,TCP,
Adobe — a3.behance.net:443,Adobe endpoint from supplied list. Port not specified in source; TCP 443 is an assumption. Confirm against Adobe documentation/network policy.,Adobe Creative Cloud,a3.behance.net,443,TCP,
Adobe — a5.behance.net:443,Adobe endpoint from supplied list. Port not specified in source; TCP 443 is an assumption. Confirm against Adobe documentation/network policy.,Adobe Creative Cloud,a5.behance.net,443,TCP,
Adobe — account.adobe.com:443,Adobe endpoint from supplied list. Port not specified in source; TCP 443 is an assumption. Confirm against Adobe documentation/network policy.,Adobe Creative Cloud,account.adobe.com,443,TCP,
Adobe — acp-ss-an1.adobe.io:443,Adobe endpoint from supplied list. Port not specified in source; TCP 443 is an assumption. Confirm against Adobe documentation/network policy.,Adobe Creative Cloud,acp-ss-an1.adobe.io,443,TCP,
Adobe — acp-ss-ew1.adobe.io:443,Adobe endpoint from supplied list. Port not specified in source; TCP 443 is an assumption. Confirm against Adobe documentation/network policy.,Adobe Creative Cloud,acp-ss-ew1.adobe.io,443,TCP,
Adobe — acp-ss.adobe.io:443,Adobe endpoint from supplied list. Port not specified in source; TCP 443 is an assumption. Confirm against Adobe documentation/network policy.,Adobe Creative Cloud,acp-ss.adobe.io,443,TCP,
Adobe — adobe.ly:443,Adobe endpoint from supplied list. Port not specified in source; TCP 443 is an assumption. Confirm against Adobe documentation/network policy.,Adobe Creative Cloud,adobe.ly,443,TCP,
Adobe — adobesearch.adobe.io:443,Adobe endpoint from supplied list. Port not specified in source; TCP 443 is an assumption. Confirm against Adobe documentation/network policy.,Adobe Creative Cloud,adobesearch.adobe.io,443,TCP,
Adobe — appregistry.adobe.io:443,Adobe endpoint from supplied list. Port not specified in source; TCP 443 is an assumption. Confirm against Adobe documentation/network policy.,Adobe Creative Cloud,appregistry.adobe.io,443,TCP,
Adobe — aps-web.adobe.io:443,Adobe endpoint from supplied list. Port not specified in source; TCP 443 is an assumption. Confirm against Adobe documentation/network policy.,Adobe Creative Cloud,aps-web.adobe.io,443,TCP,
Adobe — as.ftcdn.net:443,Adobe endpoint from supplied list. Port not specified in source; TCP 443 is an assumption. Confirm against Adobe documentation/network policy.,Adobe Creative Cloud,as.ftcdn.net,443,TCP,
Adobe — as1.ftcdn.net:443,Adobe endpoint from supplied list. Port not specified in source; TCP 443 is an assumption. Confirm against Adobe documentation/network policy.,Adobe Creative Cloud,as1.ftcdn.net,443,TCP,
Adobe — as2.ftcdn.net:443,Adobe endpoint from supplied list. Port not specified in source; TCP 443 is an assumption. Confirm against Adobe documentation/network policy.,Adobe Creative Cloud,as2.ftcdn.net,443,TCP,
Adobe — assets-cdn.adobe.com:443,Adobe endpoint from supplied list. Port not specified in source; TCP 443 is an assumption. Confirm against Adobe documentation/network policy.,Adobe Creative Cloud,assets-cdn.adobe.com,443,TCP,
Adobe — assets-helper.adobe.io:443,Adobe endpoint from supplied list. Port not specified in source; TCP 443 is an assumption. Confirm against Adobe documentation/network policy.,Adobe Creative Cloud,assets-helper.adobe.io,443,TCP,
Adobe — assets.adobe.com:443,Adobe endpoint from supplied list. Port not specified in source; TCP 443 is an assumption. Confirm against Adobe documentation/network policy.,Adobe Creative Cloud,assets.adobe.com,443,TCP,
Adobe — assets.fonts.adobe.com:443,Adobe endpoint from supplied list. Port not specified in source; TCP 443 is an assumption. Confirm against Adobe documentation/network policy.,Adobe Creative Cloud,assets.fonts.adobe.com,443,TCP,
Adobe — audios.ftcdn.net:443,Adobe endpoint from supplied list. Port not specified in source; TCP 443 is an assumption. Confirm against Adobe documentation/network policy.,Adobe Creative Cloud,audios.ftcdn.net,443,TCP,
Adobe — audio-video-api.adobe.io:443,Adobe endpoint from supplied list. Port not specified in source; TCP 443 is an assumption. Confirm against Adobe documentation/network policy.,Adobe Creative Cloud,audio-video-api.adobe.io,443,TCP,
Adobe — awenroll.adobe.com:443,Adobe endpoint from supplied list. Port not specified in source; TCP 443 is an assumption. Confirm against Adobe documentation/network policy.,Adobe Creative Cloud,awenroll.adobe.com,443,TCP,
Adobe — byof.adobe.io:443,Adobe endpoint from supplied list. Port not specified in source; TCP 443 is an assumption. Confirm against Adobe documentation/network policy.,Adobe Creative Cloud,byof.adobe.io,443,TCP,
Adobe — cc-api-cp.adobe.io:443,Adobe endpoint from supplied list. Port not specified in source; TCP 443 is an assumption. Confirm against Adobe documentation/network policy.,Adobe Creative Cloud,cc-api-cp.adobe.io,443,TCP,
Adobe — cc-cdn.adobe.com:443,Adobe endpoint from supplied list. Port not specified in source; TCP 443 is an assumption. Confirm against Adobe documentation/network policy.,Adobe Creative Cloud,cc-cdn.adobe.com,443,TCP,
Adobe — cc-collab.adobe.io:443,Adobe endpoint from supplied list. Port not specified in source; TCP 443 is an assumption. Confirm against Adobe documentation/network policy.,Adobe Creative Cloud,cc-collab.adobe.io,443,TCP,
Adobe — ccext-cdn.adobecces.com:443,Adobe endpoint from supplied list. Port not specified in source; TCP 443 is an assumption. Confirm against Adobe documentation/network policy.,Adobe Creative Cloud,ccext-cdn.adobecces.com,443,TCP,
Adobe — ccext-public.adobe.io:443,Adobe endpoint from supplied list. Port not specified in source; TCP 443 is an assumption. Confirm against Adobe documentation/network policy.,Adobe Creative Cloud,ccext-public.adobe.io,443,TCP,
Adobe — ccext-static.adobecces.com:443,Adobe endpoint from supplied list. Port not specified in source; TCP 443 is an assumption. Confirm against Adobe documentation/network policy.,Adobe Creative Cloud,ccext-static.adobecces.com,443,TCP,
Adobe — ccext.adobe.io:443,Adobe endpoint from supplied list. Port not specified in source; TCP 443 is an assumption. Confirm against Adobe documentation/network policy.,Adobe Creative Cloud,ccext.adobe.io,443,TCP,
Adobe — ccext.adobecces.com:443,Adobe endpoint from supplied list. Port not specified in source; TCP 443 is an assumption. Confirm against Adobe documentation/network policy.,Adobe Creative Cloud,ccext.adobecces.com,443,TCP,
Adobe — cchome.adobe.io:443,Adobe endpoint from supplied list. Port not specified in source; TCP 443 is an assumption. Confirm against Adobe documentation/network policy.,Adobe Creative Cloud,cchome.adobe.io,443,TCP,
Adobe — cclibraries-defaults-cdn.adobe.com:443,Adobe endpoint from supplied list. Port not specified in source; TCP 443 is an assumption. Confirm against Adobe documentation/network policy.,Adobe Creative Cloud,cclibraries-defaults-cdn.adobe.com,443,TCP,
Adobe — cctypekit.adobe.io:443,Adobe endpoint from supplied list. Port not specified in source; TCP 443 is an assumption. Confirm against Adobe documentation/network policy.,Adobe Creative Cloud,cctypekit.adobe.io,443,TCP,
Adobe — cdn-sharing.adobecc.com:443,Adobe endpoint from supplied list. Port not specified in source; TCP 443 is an assumption. Confirm against Adobe documentation/network policy.,Adobe Creative Cloud,cdn-sharing.adobecc.com,443,TCP,
Adobe — cdn.cp.adobe.io:443,Adobe endpoint from supplied list. Port not specified in source; TCP 443 is an assumption. Confirm against Adobe documentation/network policy.,Adobe Creative Cloud,cdn.cp.adobe.io,443,TCP,
Adobe — client.messaging.adobe.com:443,Adobe endpoint from supplied list. Port not specified in source; TCP 443 is an assumption. Confirm against Adobe documentation/network policy.,Adobe Creative Cloud,client.messaging.adobe.com,443,TCP,
Adobe — comments.adobe.io:443,Adobe endpoint from supplied list. Port not specified in source; TCP 443 is an assumption. Confirm against Adobe documentation/network policy.,Adobe Creative Cloud,comments.adobe.io,443,TCP,
Adobe — community.adobe.com:443,Adobe endpoint from supplied list. Port not specified in source; TCP 443 is an assumption. Confirm against Adobe documentation/network policy.,Adobe Creative Cloud,community.adobe.com,443,TCP,
Adobe — connect.ffc.adobeoobe.com:443,Adobe endpoint from supplied list. Port not specified in source; TCP 443 is an assumption. Confirm against Adobe documentation/network policy.,Adobe Creative Cloud,connect.ffc.adobeoobe.com,443,TCP,
Adobe — creativecloud.adobe.com:443,Adobe endpoint from supplied list. Port not specified in source; TCP 443 is an assumption. Confirm against Adobe documentation/network policy.,Adobe Creative Cloud,creativecloud.adobe.com,443,TCP,
Adobe — cvs.adobe.com:443,Adobe endpoint from supplied list. Port not specified in source; TCP 443 is an assumption. Confirm against Adobe documentation/network policy.,Adobe Creative Cloud,cvs.adobe.com,443,TCP,
Adobe — d32a1iuc7x840y.cloudfront.net:443,Adobe endpoint from supplied list. Port not specified in source; TCP 443 is an assumption. Confirm against Adobe documentation/network policy.,Adobe Creative Cloud,d32a1iuc7x840y.cloudfront.net,443,TCP,
Adobe — d3gnp5fs6fu2h7.cloudfront.net:443,Adobe endpoint from supplied list. Port not specified in source; TCP 443 is an assumption. Confirm against Adobe documentation/network policy.,Adobe Creative Cloud,d3gnp5fs6fu2h7.cloudfront.net,443,TCP,
Adobe — dnzuu5synxxfk.cloudfront.net:443,Adobe endpoint from supplied list. Port not specified in source; TCP 443 is an assumption. Confirm against Adobe documentation/network policy.,Adobe Creative Cloud,dnzuu5synxxfk.cloudfront.net,443,TCP,
Adobe — dc-api.adobe.io:443,Adobe endpoint from supplied list. Port not specified in source; TCP 443 is an assumption. Confirm against Adobe documentation/network policy.,Adobe Creative Cloud,dc-api.adobe.io,443,TCP,
Adobe — design-assets.adobeprojectm.com:443,Adobe endpoint from supplied list. Port not specified in source; TCP 443 is an assumption. Confirm against Adobe documentation/network policy.,Adobe Creative Cloud,design-assets.adobeprojectm.com,443,TCP,
Adobe — ds-an1.adobe.io:443,Adobe endpoint from supplied list. Port not specified in source; TCP 443 is an assumption. Confirm against Adobe documentation/network policy.,Adobe Creative Cloud,ds-an1.adobe.io,443,TCP,
Adobe — ds-ew1.adobe.io:443,Adobe endpoint from supplied list. Port not specified in source; TCP 443 is an assumption. Confirm against Adobe documentation/network policy.,Adobe Creative Cloud,ds-ew1.adobe.io,443,TCP,
Adobe — ds-ue1.adobe.io:443,Adobe endpoint from supplied list. Port not specified in source; TCP 443 is an assumption. Confirm against Adobe documentation/network policy.,Adobe Creative Cloud,ds-ue1.adobe.io,443,TCP,
Adobe — ds.adobe.io:443,Adobe endpoint from supplied list. Port not specified in source; TCP 443 is an assumption. Confirm against Adobe documentation/network policy.,Adobe Creative Cloud,ds.adobe.io,443,TCP,
Adobe — exchange.adobe.com:443,Adobe endpoint from supplied list. Port not specified in source; TCP 443 is an assumption. Confirm against Adobe documentation/network policy.,Adobe Creative Cloud,exchange.adobe.com,443,TCP,
Adobe — faster.typekit.net:443,Adobe endpoint from supplied list. Port not specified in source; TCP 443 is an assumption. Confirm against Adobe documentation/network policy.,Adobe Creative Cloud,faster.typekit.net,443,TCP,
Adobe — firebase-settings.crashlytics.com:443,Adobe endpoint from supplied list. Port not specified in source; TCP 443 is an assumption. Confirm against Adobe documentation/network policy.,Adobe Creative Cloud,firebase-settings.crashlytics.com,443,TCP,
Adobe — firebaseinstallations.googleapis.com:443,Adobe endpoint from supplied list. Port not specified in source; TCP 443 is an assumption. Confirm against Adobe documentation/network policy.,Adobe Creative Cloud,firebaseinstallations.googleapis.com,443,TCP,
Adobe — firebaselogging-pa.googleapis.com:443,Adobe endpoint from supplied list. Port not specified in source; TCP 443 is an assumption. Confirm against Adobe documentation/network policy.,Adobe Creative Cloud,firebaselogging-pa.googleapis.com,443,TCP,
Adobe — gensoundfx.ff.adobe.io:443,Adobe endpoint from supplied list. Port not specified in source; TCP 443 is an assumption. Confirm against Adobe documentation/network policy.,Adobe Creative Cloud,gensoundfx.ff.adobe.io,443,TCP,
Adobe — geo.adobe.com:443,Adobe endpoint from supplied list. Port not specified in source; TCP 443 is an assumption. Confirm against Adobe documentation/network policy.,Adobe Creative Cloud,geo.adobe.com,443,TCP,
Adobe — geo2.adobe.com:443,Adobe endpoint from supplied list. Port not specified in source; TCP 443 is an assumption. Confirm against Adobe documentation/network policy.,Adobe Creative Cloud,geo2.adobe.com,443,TCP,
Adobe — ic.adobe.io:443,Adobe endpoint from supplied list. Port not specified in source; TCP 443 is an assumption. Confirm against Adobe documentation/network policy.,Adobe Creative Cloud,ic.adobe.io,443,TCP,
Adobe — illustrator.adobe.com:443,Adobe endpoint from supplied list. Port not specified in source; TCP 443 is an assumption. Confirm against Adobe documentation/network policy.,Adobe Creative Cloud,illustrator.adobe.com,443,TCP,
Adobe — image.adobe.io:443,Adobe endpoint from supplied list. Port not specified in source; TCP 443 is an assumption. Confirm against Adobe documentation/network policy.,Adobe Creative Cloud,image.adobe.io,443,TCP,
Adobe — indd.adobe.com:443,Adobe endpoint from supplied list. Port not specified in source; TCP 443 is an assumption. Confirm against Adobe documentation/network policy.,Adobe Creative Cloud,indd.adobe.com,443,TCP,
Adobe — landing.adobe.com:443,Adobe endpoint from supplied list. Port not specified in source; TCP 443 is an assumption. Confirm against Adobe documentation/network policy.,Adobe Creative Cloud,landing.adobe.com,443,TCP,
Adobe — lightroom.adobe.com:443,Adobe endpoint from supplied list. Port not specified in source; TCP 443 is an assumption. Confirm against Adobe documentation/network policy.,Adobe Creative Cloud,lightroom.adobe.com,443,TCP,
Adobe — links.adobe.io:443,Adobe endpoint from supplied list. Port not specified in source; TCP 443 is an assumption. Confirm against Adobe documentation/network policy.,Adobe Creative Cloud,links.adobe.io,443,TCP,
Adobe — livecreate-an1.adobe.io:443,Adobe endpoint from supplied list. Port not specified in source; TCP 443 is an assumption. Confirm against Adobe documentation/network policy.,Adobe Creative Cloud,livecreate-an1.adobe.io,443,TCP,
Adobe — livecreate-ew1.adobe.io:443,Adobe endpoint from supplied list. Port not specified in source; TCP 443 is an assumption. Confirm against Adobe documentation/network policy.,Adobe Creative Cloud,livecreate-ew1.adobe.io,443,TCP,
Adobe — livecreate-ue1.adobe.io:443,Adobe endpoint from supplied list. Port not specified in source; TCP 443 is an assumption. Confirm against Adobe documentation/network policy.,Adobe Creative Cloud,livecreate-ue1.adobe.io,443,TCP,
Adobe — mail.adobegov.com:443,Adobe endpoint from supplied list. Port not specified in source; TCP 443 is an assumption. Confirm against Adobe documentation/network policy.,Adobe Creative Cloud,mail.adobegov.com,443,TCP,
Adobe — odin.adobe.com:443,Adobe endpoint from supplied list. Port not specified in source; TCP 443 is an assumption. Confirm against Adobe documentation/network policy.,Adobe Creative Cloud,odin.adobe.com,443,TCP,
Adobe — pgc.adobe.io:443,Adobe endpoint from supplied list. Port not specified in source; TCP 443 is an assumption. Confirm against Adobe documentation/network policy.,Adobe Creative Cloud,pgc.adobe.io,443,TCP,
Adobe — photos.adobe.io:443,Adobe endpoint from supplied list. Port not specified in source; TCP 443 is an assumption. Confirm against Adobe documentation/network policy.,Adobe Creative Cloud,photos.adobe.io,443,TCP,
Adobe — photoshop.adobe.com:443,Adobe endpoint from supplied list. Port not specified in source; TCP 443 is an assumption. Confirm against Adobe documentation/network policy.,Adobe Creative Cloud,photoshop.adobe.com,443,TCP,
Adobe — platform-assets.typekit.net:443,Adobe endpoint from supplied list. Port not specified in source; TCP 443 is an assumption. Confirm against Adobe documentation/network policy.,Adobe Creative Cloud,platform-assets.typekit.net,443,TCP,
Adobe — platform-cs.adobe.io:443,Adobe endpoint from supplied list. Port not specified in source; TCP 443 is an assumption. Confirm against Adobe documentation/network policy.,Adobe Creative Cloud,platform-cs.adobe.io,443,TCP,
Adobe — presence-an1.adobe.io:443,Adobe endpoint from supplied list. Port not specified in source; TCP 443 is an assumption. Confirm against Adobe documentation/network policy.,Adobe Creative Cloud,presence-an1.adobe.io,443,TCP,
Adobe — presence-ew1.adobe.io:443,Adobe endpoint from supplied list. Port not specified in source; TCP 443 is an assumption. Confirm against Adobe documentation/network policy.,Adobe Creative Cloud,presence-ew1.adobe.io,443,TCP,
Adobe — presence-ue1.adobe.io:443,Adobe endpoint from supplied list. Port not specified in source; TCP 443 is an assumption. Confirm against Adobe documentation/network policy.,Adobe Creative Cloud,presence-ue1.adobe.io,443,TCP,
Adobe — preview.illustrator.adobe.com:443,Adobe endpoint from supplied list. Port not specified in source; TCP 443 is an assumption. Confirm against Adobe documentation/network policy.,Adobe Creative Cloud,preview.illustrator.adobe.com,443,TCP,
Adobe — prod.wam.adobe.com:443,Adobe endpoint from supplied list. Port not specified in source; TCP 443 is an assumption. Confirm against Adobe documentation/network policy.,Adobe Creative Cloud,prod.wam.adobe.com,443,TCP,
Adobe — psweb-cd.adobe.io:443,Adobe endpoint from supplied list. Port not specified in source; TCP 443 is an assumption. Confirm against Adobe documentation/network policy.,Adobe Creative Cloud,psweb-cd.adobe.io,443,TCP,
Adobe — s.ftcdn.net:443,Adobe endpoint from supplied list. Port not specified in source; TCP 443 is an assumption. Confirm against Adobe documentation/network policy.,Adobe Creative Cloud,s.ftcdn.net,443,TCP,
Adobe — server.messaging.adobe.com:443,Adobe endpoint from supplied list. Port not specified in source; TCP 443 is an assumption. Confirm against Adobe documentation/network policy.,Adobe Creative Cloud,server.messaging.adobe.com,443,TCP,
Adobe — sensei.adobe.io:443,Adobe endpoint from supplied list. Port not specified in source; TCP 443 is an assumption. Confirm against Adobe documentation/network policy.,Adobe Creative Cloud,sensei.adobe.io,443,TCP,
Adobe — sharedcloud-production-us-east-1-data-temp.s3.amazonaws.com:443,Adobe endpoint from supplied list. Port not specified in source; TCP 443 is an assumption. Confirm against Adobe documentation/network policy.,Adobe Creative Cloud,sharedcloud-production-us-east-1-data-temp.s3.amazonaws.com,443,TCP,
Adobe — slp-statics.astockcdn.net:443,Adobe endpoint from supplied list. Port not specified in source; TCP 443 is an assumption. Confirm against Adobe documentation/network policy.,Adobe Creative Cloud,slp-statics.astockcdn.net,443,TCP,
Adobe — ss-prod-an1-notif-13-aws.adobess.com:443,Adobe endpoint from supplied list. Port not specified in source; TCP 443 is an assumption. Confirm against Adobe documentation/network policy.,Adobe Creative Cloud,ss-prod-an1-notif-13-aws.adobess.com,443,TCP,
Adobe — ss-prod-an1-notif-16.aws.adobess.com:443,Adobe endpoint from supplied list. Port not specified in source; TCP 443 is an assumption. Confirm against Adobe documentation/network policy.,Adobe Creative Cloud,ss-prod-an1-notif-16.aws.adobess.com,443,TCP,
Adobe — ss-prod-ew1-notif-13-aws.adobess.com:443,Adobe endpoint from supplied list. Port not specified in source; TCP 443 is an assumption. Confirm against Adobe documentation/network policy.,Adobe Creative Cloud,ss-prod-ew1-notif-13-aws.adobess.com,443,TCP,
Adobe — ss-prod-ew1-notif-16.aws.adobess.com:443,Adobe endpoint from supplied list. Port not specified in source; TCP 443 is an assumption. Confirm against Adobe documentation/network policy.,Adobe Creative Cloud,ss-prod-ew1-notif-16.aws.adobess.com,443,TCP,
Adobe — ss-prod-ue1-notif-13-aws.adobess.com:443,Adobe endpoint from supplied list. Port not specified in source; TCP 443 is an assumption. Confirm against Adobe documentation/network policy.,Adobe Creative Cloud,ss-prod-ue1-notif-13-aws.adobess.com,443,TCP,
Adobe — ss-prod-ue1-notif-79.aws.adobess.com:443,Adobe endpoint from supplied list. Port not specified in source; TCP 443 is an assumption. Confirm against Adobe documentation/network policy.,Adobe Creative Cloud,ss-prod-ue1-notif-79.aws.adobess.com,443,TCP,
Adobe — static-assets.photoshop.adobe.com:443,Adobe endpoint from supplied list. Port not specified in source; TCP 443 is an assumption. Confirm against Adobe documentation/network policy.,Adobe Creative Cloud,static-assets.photoshop.adobe.com,443,TCP,
Adobe — stock-landing-pages.adobe.io:443,Adobe endpoint from supplied list. Port not specified in source; TCP 443 is an assumption. Confirm against Adobe documentation/network policy.,Adobe Creative Cloud,stock-landing-pages.adobe.io,443,TCP,
Adobe — stock.adobe.com:443,Adobe endpoint from supplied list. Port not specified in source; TCP 443 is an assumption. Confirm against Adobe documentation/network policy.,Adobe Creative Cloud,stock.adobe.com,443,TCP,
Adobe — t3.ftcdn.net:443,Adobe endpoint from supplied list. Port not specified in source; TCP 443 is an assumption. Confirm against Adobe documentation/network policy.,Adobe Creative Cloud,t3.ftcdn.net,443,TCP,
Adobe — t4.ftcdn.net:443,Adobe endpoint from supplied list. Port not specified in source; TCP 443 is an assumption. Confirm against Adobe documentation/network policy.,Adobe Creative Cloud,t4.ftcdn.net,443,TCP,
Adobe — udps.adobe.com:443,Adobe endpoint from supplied list. Port not specified in source; TCP 443 is an assumption. Confirm against Adobe documentation/network policy.,Adobe Creative Cloud,udps.adobe.com,443,TCP,
Adobe — ui.messaging.adobe.com:443,Adobe endpoint from supplied list. Port not specified in source; TCP 443 is an assumption. Confirm against Adobe documentation/network policy.,Adobe Creative Cloud,ui.messaging.adobe.com,443,TCP,
Adobe — use.typekit.com:443,Adobe endpoint from supplied list. Port not specified in source; TCP 443 is an assumption. Confirm against Adobe documentation/network policy.,Adobe Creative Cloud,use.typekit.com,443,TCP,
Adobe — utut-service.adobe.com:443,Adobe endpoint from supplied list. Port not specified in source; TCP 443 is an assumption. Confirm against Adobe documentation/network policy.,Adobe Creative Cloud,utut-service.adobe.com,443,TCP,
Adobe — v.ftcdn.net:443,Adobe endpoint from supplied list. Port not specified in source; TCP 443 is an assumption. Confirm against Adobe documentation/network policy.,Adobe Creative Cloud,v.ftcdn.net,443,TCP,
Adobe — video-v1.ff.adobe.io:443,Adobe endpoint from supplied list. Port not specified in source; TCP 443 is an assumption. Confirm against Adobe documentation/network policy.,Adobe Creative Cloud,video-v1.ff.adobe.io,443,TCP,
Adobe — speech.platform.bing.com:443,"Adobe endpoint from supplied list. Port inferred from explicit wss:// URL (443); TCP reachability only, not WebSocket validation.",Adobe Creative Cloud,speech.platform.bing.com,443,TCP,
Adobe — xd-cdn.adobecces.com:443,Adobe endpoint from supplied list. Port not specified in source; TCP 443 is an assumption. Confirm against Adobe documentation/network policy.,Adobe Creative Cloud,xd-cdn.adobecces.com,443,TCP,
Adobe — xd.adobe.com:443,Adobe endpoint from supplied list. Port not specified in source; TCP 443 is an assumption. Confirm against Adobe documentation/network policy.,Adobe Creative Cloud,xd.adobe.com,443,TCP,
Adobe — xdce.adobe.io:443,Adobe endpoint from supplied list. Port not specified in source; TCP 443 is an assumption. Confirm against Adobe documentation/network policy.,Adobe Creative Cloud,xdce.adobe.io,443,TCP,
Adobe — shared-components.adobe.com:443,Adobe endpoint from supplied list. Port not specified in source; TCP 443 is an assumption. Confirm against Adobe documentation/network policy.,Adobe Creative Cloud,shared-components.adobe.com,443,TCP,
Adobe — platform-cs-edge.adobe.io:443,Adobe endpoint from supplied list. Port not specified in source; TCP 443 is an assumption. Confirm against Adobe documentation/network policy.,Adobe Creative Cloud,platform-cs-edge.adobe.io,443,TCP,
Adobe — libraries.adobe.io:443,Adobe endpoint from supplied list. Port not specified in source; TCP 443 is an assumption. Confirm against Adobe documentation/network policy.,Adobe Creative Cloud,libraries.adobe.io,443,TCP,
Adobe — platform-cs-va6.adobe.io:443,Adobe endpoint from supplied list. Port not specified in source; TCP 443 is an assumption. Confirm against Adobe documentation/network policy.,Adobe Creative Cloud,platform-cs-va6.adobe.io,443,TCP,
Adobe — platform-cs-edge-va6.adobe.io:443,Adobe endpoint from supplied list. Port not specified in source; TCP 443 is an assumption. Confirm against Adobe documentation/network policy.,Adobe Creative Cloud,platform-cs-edge-va6.adobe.io,443,TCP,
Adobe — platform-cs-va6c2.adobe.io:443,Adobe endpoint from supplied list. Port not specified in source; TCP 443 is an assumption. Confirm against Adobe documentation/network policy.,Adobe Creative Cloud,platform-cs-va6c2.adobe.io,443,TCP,
Adobe — platform-cs-edge-va6c2.adobe.io:443,Adobe endpoint from supplied list. Port not specified in source; TCP 443 is an assumption. Confirm against Adobe documentation/network policy.,Adobe Creative Cloud,platform-cs-edge-va6c2.adobe.io,443,TCP,
Adobe — platform-cs-irl1.adobe.io:443,Adobe endpoint from supplied list. Port not specified in source; TCP 443 is an assumption. Confirm against Adobe documentation/network policy.,Adobe Creative Cloud,platform-cs-irl1.adobe.io,443,TCP,
Adobe — platform-cs-edge-irl1.adobe.io:443,Adobe endpoint from supplied list. Port not specified in source; TCP 443 is an assumption. Confirm against Adobe documentation/network policy.,Adobe Creative Cloud,platform-cs-edge-irl1.adobe.io,443,TCP,
Adobe — platform-cs-jpn3.adobe.io:443,Adobe endpoint from supplied list. Port not specified in source; TCP 443 is an assumption. Confirm against Adobe documentation/network policy.,Adobe Creative Cloud,platform-cs-jpn3.adobe.io,443,TCP,
Adobe — platform-cs-edge-jpn3.adobe.io:443,Adobe endpoint from supplied list. Port not specified in source; TCP 443 is an assumption. Confirm against Adobe documentation/network policy.,Adobe Creative Cloud,platform-cs-edge-jpn3.adobe.io,443,TCP,
Adobe — platform-cs-deu1.adobe.io:443,Adobe endpoint from supplied list. Port not specified in source; TCP 443 is an assumption. Confirm against Adobe documentation/network policy.,Adobe Creative Cloud,platform-cs-deu1.adobe.io,443,TCP,
Adobe — platform-cs-edge-deu1.adobe.io:443,Adobe endpoint from supplied list. Port not specified in source; TCP 443 is an assumption. Confirm against Adobe documentation/network policy.,Adobe Creative Cloud,platform-cs-edge-deu1.adobe.io,443,TCP,
Adobe — ccprojects.adobe.io:443,Adobe endpoint from supplied list. Port not specified in source; TCP 443 is an assumption. Confirm against Adobe documentation/network policy.,Adobe Creative Cloud,ccprojects.adobe.io,443,TCP,
Adobe — ccprojects-va6.adobe.io:443,Adobe endpoint from supplied list. Port not specified in source; TCP 443 is an assumption. Confirm against Adobe documentation/network policy.,Adobe Creative Cloud,ccprojects-va6.adobe.io,443,TCP,
Adobe — ccprojects-va6c2.adobe.io:443,Adobe endpoint from supplied list. Port not specified in source; TCP 443 is an assumption. Confirm against Adobe documentation/network policy.,Adobe Creative Cloud,ccprojects-va6c2.adobe.io,443,TCP,
Adobe — ccprojects-irl1.adobe.io:443,Adobe endpoint from supplied list. Port not specified in source; TCP 443 is an assumption. Confirm against Adobe documentation/network policy.,Adobe Creative Cloud,ccprojects-irl1.adobe.io,443,TCP,
Adobe — ccprojects-jpn3.adobe.io:443,Adobe endpoint from supplied list. Port not specified in source; TCP 443 is an assumption. Confirm against Adobe documentation/network policy.,Adobe Creative Cloud,ccprojects-jpn3.adobe.io,443,TCP,
Adobe — ccprojects-deu1.adobe.io:443,Adobe endpoint from supplied list. Port not specified in source; TCP 443 is an assumption. Confirm against Adobe documentation/network policy.,Adobe Creative Cloud,ccprojects-deu1.adobe.io,443,TCP,
Adobe — invitations.adobe.io:443,Adobe endpoint from supplied list. Port not specified in source; TCP 443 is an assumption. Confirm against Adobe documentation/network policy.,Adobe Creative Cloud,invitations.adobe.io,443,TCP,
Adobe — pps.services.adobe.com:443,Adobe endpoint from supplied list. Port not specified in source; TCP 443 is an assumption. Confirm against Adobe documentation/network policy.,Adobe Creative Cloud,pps.services.adobe.com,443,TCP,
Adobe — ab.adobe-identity.com:443,Adobe endpoint from supplied list. Port not specified in source; TCP 443 is an assumption. Confirm against Adobe documentation/network policy.,Adobe Creative Cloud,ab.adobe-identity.com,443,TCP,
Adobe — cai.adobe.io:443,Adobe endpoint from supplied list. Port not specified in source; TCP 443 is an assumption. Confirm against Adobe documentation/network policy.,Adobe Creative Cloud,cai.adobe.io,443,TCP,
Adobe — cai-identity.adobe.io:443,Adobe endpoint from supplied list. Port not specified in source; TCP 443 is an assumption. Confirm against Adobe documentation/network policy.,Adobe Creative Cloud,cai-identity.adobe.io,443,TCP,
Adobe — policy.adobe.io:443,Adobe endpoint from supplied list. Port not specified in source; TCP 443 is an assumption. Confirm against Adobe documentation/network policy.,Adobe Creative Cloud,policy.adobe.io,443,TCP,
Adobe — cai-msb.adobe.io:443,Adobe endpoint from supplied list. Port not specified in source; TCP 443 is an assumption. Confirm against Adobe documentation/network policy.,Adobe Creative Cloud,cai-msb.adobe.io,443,TCP,
Adobe — raw.githubusercontent.com:443,Adobe endpoint from supplied list. Port not specified in source; TCP 443 is an assumption. Confirm against Adobe documentation/network policy.,Adobe Creative Cloud,raw.githubusercontent.com,443,TCP,
Adobe — cai-manifests.adobe.com:443,Adobe endpoint from supplied list. Port not specified in source; TCP 443 is an assumption. Confirm against Adobe documentation/network policy.,Adobe Creative Cloud,cai-manifests.adobe.com,443,TCP,
Adobe — cai-settings.adobe.io:443,Adobe endpoint from supplied list. Port not specified in source; TCP 443 is an assumption. Confirm against Adobe documentation/network policy.,Adobe Creative Cloud,cai-settings.adobe.io,443,TCP,
Adobe — cai-signer.adobe.io:443,Adobe endpoint from supplied list. Port not specified in source; TCP 443 is an assumption. Confirm against Adobe documentation/network policy.,Adobe Creative Cloud,cai-signer.adobe.io,443,TCP,
Adobe — cai-manifests.adobe.io:443,Adobe endpoint from supplied list. Port not specified in source; TCP 443 is an assumption. Confirm against Adobe documentation/network policy.,Adobe Creative Cloud,cai-manifests.adobe.io,443,TCP,
Adobe — trustlist.contentauthenticity.adobe.com:443,Adobe endpoint from supplied list. Port not specified in source; TCP 443 is an assumption. Confirm against Adobe documentation/network policy.,Adobe Creative Cloud,trustlist.contentauthenticity.adobe.com,443,TCP,
Adobe — firefly-ae.adobe.io:443,Adobe endpoint from supplied list. Port not specified in source; TCP 443 is an assumption. Confirm against Adobe documentation/network policy.,Adobe Creative Cloud,firefly-ae.adobe.io,443,TCP,
Adobe — senseicore.adobe.io:443,Adobe endpoint from supplied list. Port not specified in source; TCP 443 is an assumption. Confirm against Adobe documentation/network policy.,Adobe Creative Cloud,senseicore.adobe.io,443,TCP,
Adobe — sensei-va6.adobe.io:443,Adobe endpoint from supplied list. Port not specified in source; TCP 443 is an assumption. Confirm against Adobe documentation/network policy.,Adobe Creative Cloud,sensei-va6.adobe.io,443,TCP,
Adobe — firefly.adobe.io:443,Adobe endpoint from supplied list. Port not specified in source; TCP 443 is an assumption. Confirm against Adobe documentation/network policy.,Adobe Creative Cloud,firefly.adobe.io,443,TCP,
Adobe — firefly-clio-imaging.adobe.io:443,Adobe endpoint from supplied list. Port not specified in source; TCP 443 is an assumption. Confirm against Adobe documentation/network policy.,Adobe Creative Cloud,firefly-clio-imaging.adobe.io,443,TCP,
Adobe — pre-signed-firefly-prod.s3-accelerate.amazonaws.com:443,Adobe endpoint from supplied list. Port not specified in source; TCP 443 is an assumption. Confirm against Adobe documentation/network policy.,Adobe Creative Cloud,pre-signed-firefly-prod.s3-accelerate.amazonaws.com,443,TCP,
Adobe — firefly-ps.adobe.io:443,Adobe endpoint from supplied list. Port not specified in source; TCP 443 is an assumption. Confirm against Adobe documentation/network policy.,Adobe Creative Cloud,firefly-ps.adobe.io,443,TCP,
Adobe — firefly-ai.adobe.io:443,Adobe endpoint from supplied list. Port not specified in source; TCP 443 is an assumption. Confirm against Adobe documentation/network policy.,Adobe Creative Cloud,firefly-ai.adobe.io,443,TCP,
Adobe — firefly-acs.adobe.io:443,Adobe endpoint from supplied list. Port not specified in source; TCP 443 is an assumption. Confirm against Adobe documentation/network policy.,Adobe Creative Cloud,firefly-acs.adobe.io,443,TCP,
Adobe — firefly.adobe.com:443,Adobe endpoint from supplied list. Port not specified in source; TCP 443 is an assumption. Confirm against Adobe documentation/network policy.,Adobe Creative Cloud,firefly.adobe.com,443,TCP,
Adobe — firefly-md.adobe.io:443,Adobe endpoint from supplied list. Port not specified in source; TCP 443 is an assumption. Confirm against Adobe documentation/network policy.,Adobe Creative Cloud,firefly-md.adobe.io,443,TCP,
Adobe — clio-assets.adobe.com:443,Adobe endpoint from supplied list. Port not specified in source; TCP 443 is an assumption. Confirm against Adobe documentation/network policy.,Adobe Creative Cloud,clio-assets.adobe.com,443,TCP,
Adobe — firefly-cliov2.adobe.com:443,Adobe endpoint from supplied list. Port not specified in source; TCP 443 is an assumption. Confirm against Adobe documentation/network policy.,Adobe Creative Cloud,firefly-cliov2.adobe.com,443,TCP,
Adobe — senseicore-ue1.adobe.io:443,Adobe endpoint from supplied list. Port not specified in source; TCP 443 is an assumption. Confirm against Adobe documentation/network policy.,Adobe Creative Cloud,senseicore-ue1.adobe.io,443,TCP,
Adobe — sensei-ue1.adobe.io:443,Adobe endpoint from supplied list. Port not specified in source; TCP 443 is an assumption. Confirm against Adobe documentation/network policy.,Adobe Creative Cloud,sensei-ue1.adobe.io,443,TCP,
Adobe — firefly-st.adobe.io:443,Adobe endpoint from supplied list. Port not specified in source; TCP 443 is an assumption. Confirm against Adobe documentation/network policy.,Adobe Creative Cloud,firefly-st.adobe.io,443,TCP,
Adobe — firefly-api.adobe.io:443,Adobe endpoint from supplied list. Port not specified in source; TCP 443 is an assumption. Confirm against Adobe documentation/network policy.,Adobe Creative Cloud,firefly-api.adobe.io,443,TCP,
Adobe — pre-signed-firefly-prod.s3.amazonaws.com:443,Adobe endpoint from supplied list. Port not specified in source; TCP 443 is an assumption. Confirm against Adobe documentation/network policy.,Adobe Creative Cloud,pre-signed-firefly-prod.s3.amazonaws.com,443,TCP,
Adobe — adobemobiledev.demdex.net:443,Adobe endpoint from supplied list. Port not specified in source; TCP 443 is an assumption. Confirm against Adobe documentation/network policy.,Adobe Creative Cloud,adobemobiledev.demdex.net,443,TCP,
Adobe — adobesparkpost.app.link:443,Adobe endpoint from supplied list. Port not specified in source; TCP 443 is an assumption. Confirm against Adobe documentation/network policy.,Adobe Creative Cloud,adobesparkpost.app.link,443,TCP,
Adobe — assets.adobedtm.com:443,Adobe endpoint from supplied list. Port not specified in source; TCP 443 is an assumption. Confirm against Adobe documentation/network policy.,Adobe Creative Cloud,assets.adobedtm.com,443,TCP,
Adobe — awcm177.awmdm.com:443,Adobe endpoint from supplied list. Port not specified in source; TCP 443 is an assumption. Confirm against Adobe documentation/network policy.,Adobe Creative Cloud,awcm177.awmdm.com,443,TCP,
Adobe — cai-splunk-proxy.adobe.io:443,Adobe endpoint from supplied list. Port not specified in source; TCP 443 is an assumption. Confirm against Adobe documentation/network policy.,Adobe Creative Cloud,cai-splunk-proxy.adobe.io,443,TCP,
Adobe — ccac-cdn.adobe.com:443,Adobe endpoint from supplied list. Port not specified in source; TCP 443 is an assumption. Confirm against Adobe documentation/network policy.,Adobe Creative Cloud,ccac-cdn.adobe.com,443,TCP,
Adobe — cdn.schedule.adobe.com:443,Adobe endpoint from supplied list. Port not specified in source; TCP 443 is an assumption. Confirm against Adobe documentation/network policy.,Adobe Creative Cloud,cdn.schedule.adobe.com,443,TCP,
Adobe — cdn-prod-ccv.adobe.com:443,Adobe endpoint from supplied list. Port not specified in source; TCP 443 is an assumption. Confirm against Adobe documentation/network policy.,Adobe Creative Cloud,cdn-prod-ccv.adobe.com,443,TCP,
Adobe — clientservices.googleapis.com:443,Adobe endpoint from supplied list. Port not specified in source; TCP 443 is an assumption. Confirm against Adobe documentation/network policy.,Adobe Creative Cloud,clientservices.googleapis.com,443,TCP,
Adobe — cm.everesttech.net:443,Adobe endpoint from supplied list. Port not specified in source; TCP 443 is an assumption. Confirm against Adobe documentation/network policy.,Adobe Creative Cloud,cm.everesttech.net,443,TCP,
Adobe — configuration.apple.com:443,Adobe endpoint from supplied list. Port not specified in source; TCP 443 is an assumption. Confirm against Adobe documentation/network policy.,Adobe Creative Cloud,configuration.apple.com,443,TCP,
Adobe — detect.ffc.adobeoobe.com:15292,Adobe endpoint from supplied list. Explicit port from source; TCP reachability only.,Adobe Creative Cloud,detect.ffc.adobeoobe.com,15292,TCP,
Adobe — detect.ffc.adobeoobe.com:35691,Adobe endpoint from supplied list. Explicit port from source; TCP reachability only.,Adobe Creative Cloud,detect.ffc.adobeoobe.com,35691,TCP,
Adobe — detect.ffc.adobeoobe.com:57921,Adobe endpoint from supplied list. Explicit port from source; TCP reachability only.,Adobe Creative Cloud,detect.ffc.adobeoobe.com,57921,TCP,
Adobe — dpm.demdex.net:443,Adobe endpoint from supplied list. Port not specified in source; TCP 443 is an assumption. Confirm against Adobe documentation/network policy.,Adobe Creative Cloud,dpm.demdex.net,443,TCP,
Adobe — dq4p8hz4ypg6l.cloudfront.net:443,Adobe endpoint from supplied list. Port not specified in source; TCP 443 is an assumption. Confirm against Adobe documentation/network policy.,Adobe Creative Cloud,dq4p8hz4ypg6l.cloudfront.net,443,TCP,
Adobe — express.adobe.com:443,Adobe endpoint from supplied list. Port not specified in source; TCP 443 is an assumption. Confirm against Adobe documentation/network policy.,Adobe Creative Cloud,express.adobe.com,443,TCP,
Adobe — express-brand-migration.adobe.io:443,Adobe endpoint from supplied list. Port not specified in source; TCP 443 is an assumption. Confirm against Adobe documentation/network policy.,Adobe Creative Cloud,express-brand-migration.adobe.io,443,TCP,
Adobe — express-search.hz.adobe.com:443,Adobe endpoint from supplied list. Port not specified in source; TCP 443 is an assumption. Confirm against Adobe documentation/network policy.,Adobe Creative Cloud,express-search.hz.adobe.com,443,TCP,
Adobe — gateway.icloud.com:443,Adobe endpoint from supplied list. Port not specified in source; TCP 443 is an assumption. Confirm against Adobe documentation/network policy.,Adobe Creative Cloud,gateway.icloud.com,443,TCP,
Adobe — gsp64-ssl.ls.apple.com:443,Adobe endpoint from supplied list. Port not specified in source; TCP 443 is an assumption. Confirm against Adobe documentation/network policy.,Adobe Creative Cloud,gsp64-ssl.ls.apple.com,443,TCP,
Adobe — hbrt.adobe.com:443,Adobe endpoint from supplied list. Port not specified in source; TCP 443 is an assumption. Confirm against Adobe documentation/network policy.,Adobe Creative Cloud,hbrt.adobe.com,443,TCP,
Adobe — hz-ccx-das.adobe.io:443,Adobe endpoint from supplied list. Port not specified in source; TCP 443 is an assumption. Confirm against Adobe documentation/network policy.,Adobe Creative Cloud,hz-ccx-das.adobe.io,443,TCP,
Adobe — hz-telemetry.adobe.io:443,Adobe endpoint from supplied list. Port not specified in source; TCP 443 is an assumption. Confirm against Adobe documentation/network policy.,Adobe Creative Cloud,hz-telemetry.adobe.io,443,TCP,
Adobe — images-tv.adobe.com:443,Adobe endpoint from supplied list. Port not specified in source; TCP 443 is an assumption. Confirm against Adobe documentation/network policy.,Adobe Creative Cloud,images-tv.adobe.com,443,TCP,
Adobe — mesu.apple.com:443,Adobe endpoint from supplied list. Port not specified in source; TCP 443 is an assumption. Confirm against Adobe documentation/network policy.,Adobe Creative Cloud,mesu.apple.com,443,TCP,
Adobe — metrics.icloud.com:443,Adobe endpoint from supplied list. Port not specified in source; TCP 443 is an assumption. Confirm against Adobe documentation/network policy.,Adobe Creative Cloud,metrics.icloud.com,443,TCP,
Adobe — new.express.adobe.com:443,Adobe endpoint from supplied list. Port not specified in source; TCP 443 is an assumption. Confirm against Adobe documentation/network policy.,Adobe Creative Cloud,new.express.adobe.com,443,TCP,
Adobe — o1383653.ingest.sentry.io:443,Adobe endpoint from supplied list. Port not specified in source; TCP 443 is an assumption. Confirm against Adobe documentation/network policy.,Adobe Creative Cloud,o1383653.ingest.sentry.io,443,TCP,
Adobe — pf-temp-repo-ue1-prod.s3.amazonaws.com:443,Adobe endpoint from supplied list. Port not specified in source; TCP 443 is an assumption. Confirm against Adobe documentation/network policy.,Adobe Creative Cloud,pf-temp-repo-ue1-prod.s3.amazonaws.com,443,TCP,
Adobe — platform-cs-edge-va7.adobe.io:443,Adobe endpoint from supplied list. Port not specified in source; TCP 443 is an assumption. Confirm against Adobe documentation/network policy.,Adobe Creative Cloud,platform-cs-edge-va7.adobe.io,443,TCP,
Adobe — pps.adobe.io:443,Adobe endpoint from supplied list. Port not specified in source; TCP 443 is an assumption. Confirm against Adobe documentation/network policy.,Adobe Creative Cloud,pps.adobe.io,443,TCP,
Adobe — schedule.adobe.io:443,Adobe endpoint from supplied list. Port not specified in source; TCP 443 is an assumption. Confirm against Adobe documentation/network policy.,Adobe Creative Cloud,schedule.adobe.io,443,TCP,
Adobe — search.adobe.io:443,Adobe endpoint from supplied list. Port not specified in source; TCP 443 is an assumption. Confirm against Adobe documentation/network policy.,Adobe Creative Cloud,search.adobe.io,443,TCP,
Adobe — spark-content-publish.adobe.io:443,Adobe endpoint from supplied list. Port not specified in source; TCP 443 is an assumption. Confirm against Adobe documentation/network policy.,Adobe Creative Cloud,spark-content-publish.adobe.io,443,TCP,
Adobe — spark-design-variations-v2.adobe.io:443,Adobe endpoint from supplied list. Port not specified in source; TCP 443 is an assumption. Confirm against Adobe documentation/network policy.,Adobe Creative Cloud,spark-design-variations-v2.adobe.io,443,TCP,
Adobe — ss-prod-ue1-ns.aws.adobess.com:443,Adobe endpoint from supplied list. Port not specified in source; TCP 443 is an assumption. Confirm against Adobe documentation/network policy.,Adobe Creative Cloud,ss-prod-ue1-ns.aws.adobess.com,443,TCP,
Adobe — static.thenounproject.com:443,Adobe endpoint from supplied list. Port not specified in source; TCP 443 is an assumption. Confirm against Adobe documentation/network policy.,Adobe Creative Cloud,static.thenounproject.com,443,TCP,
Adobe — stock.adobe.io:443,Adobe endpoint from supplied list. Port not specified in source; TCP 443 is an assumption. Confirm against Adobe documentation/network policy.,Adobe Creative Cloud,stock.adobe.io,443,TCP,
Adobe — stock-apex-images-prod-ew1.s3.eu-west-1.amazonaws.com:443,Adobe endpoint from supplied list. Port not specified in source; TCP 443 is an assumption. Confirm against Adobe documentation/network policy.,Adobe Creative Cloud,stock-apex-images-prod-ew1.s3.eu-west-1.amazonaws.com,443,TCP,
Adobe — stocks-data-service.apple.com:443,Adobe endpoint from supplied list. Port not specified in source; TCP 443 is an assumption. Confirm against Adobe documentation/network policy.,Adobe Creative Cloud,stocks-data-service.apple.com,443,TCP,
Adobe — uds.adobe-identity.com:443,Adobe endpoint from supplied list. Port not specified in source; TCP 443 is an assumption. Confirm against Adobe documentation/network policy.,Adobe Creative Cloud,uds.adobe-identity.com,443,TCP,
Adobe — video.tv.adobe.com:443,Adobe endpoint from supplied list. Port not specified in source; TCP 443 is an assumption. Confirm against Adobe documentation/network policy.,Adobe Creative Cloud,video.tv.adobe.com,443,TCP,
Adobe — weather-data.apple.com:443,Adobe endpoint from supplied list. Port not specified in source; TCP 443 is an assumption. Confirm against Adobe documentation/network policy.,Adobe Creative Cloud,weather-data.apple.com,443,TCP,
Adobe — braze-images.com:443,Adobe endpoint from supplied list. Port not specified in source; TCP 443 is an assumption. Confirm against Adobe documentation/network policy.,Adobe Creative Cloud,braze-images.com,443,TCP,
Adobe — sdk.iad-01.braze.com:443,Adobe endpoint from supplied list. Port not specified in source; TCP 443 is an assumption. Confirm against Adobe documentation/network policy.,Adobe Creative Cloud,sdk.iad-01.braze.com,443,TCP,
Adobe — cpf-temp-repo-ue1-prod.s3.amazonaws.com:443,Adobe endpoint from supplied list. Port not specified in source; TCP 443 is an assumption. Confirm against Adobe documentation/network policy.,Adobe Creative Cloud,cpf-temp-repo-ue1-prod.s3.amazonaws.com,443,TCP,
Adobe — acpprodva7apollo.blob.core.windows.net:443,Adobe endpoint from supplied list. Port not specified in source; TCP 443 is an assumption. Confirm against Adobe documentation/network policy.,Adobe Creative Cloud,acpprodva7apollo.blob.core.windows.net,443,TCP,
Adobe — assets2.adobe.com:443,Adobe endpoint from supplied list. Port not specified in source; TCP 443 is an assumption. Confirm against Adobe documentation/network policy.,Adobe Creative Cloud,assets2.adobe.com,443,TCP,
Adobe — adobeexchange.com:443,Adobe endpoint from supplied list. Port not specified in source; TCP 443 is an assumption. Confirm against Adobe documentation/network policy.,Adobe Creative Cloud,adobeexchange.com,443,TCP,
Adobe — adbemdigitalmediarebootprod2.112.2o7.net:443,Adobe endpoint from supplied list. Port not specified in source; TCP 443 is an assumption. Confirm against Adobe documentation/network policy.,Adobe Creative Cloud,adbemdigitalmediarebootprod2.112.2o7.net,443,TCP,
Adobe — cdn.tt.omtrdc.net:443,Adobe endpoint from supplied list. Port not specified in source; TCP 443 is an assumption. Confirm against Adobe documentation/network policy.,Adobe Creative Cloud,cdn.tt.omtrdc.net,443,TCP,
Adobe — api.demandbase.com:443,Adobe endpoint from supplied list. Port not specified in source; TCP 443 is an assumption. Confirm against Adobe documentation/network policy.,Adobe Creative Cloud,api.demandbase.com,443,TCP,
Adobe — cc-api-image.adobe.io:443,Adobe endpoint from supplied list. Port not specified in source; TCP 443 is an assumption. Confirm against Adobe documentation/network policy.,Adobe Creative Cloud,cc-api-image.adobe.io,443,TCP,
Adobe — cc-api-image-x.adobe.io:443,Adobe endpoint from supplied list. Port not specified in source; TCP 443 is an assumption. Confirm against Adobe documentation/network policy.,Adobe Creative Cloud,cc-api-image-x.adobe.io,443,TCP,
Adobe — cc-api-assets.adobe.io:443,Adobe endpoint from supplied list. Port not specified in source; TCP 443 is an assumption. Confirm against Adobe documentation/network policy.,Adobe Creative Cloud,cc-api-assets.adobe.io,443,TCP,
Adobe — api.behance.net:443,Adobe endpoint from supplied list. Port not specified in source; TCP 443 is an assumption. Confirm against Adobe documentation/network policy.,Adobe Creative Cloud,api.behance.net,443,TCP,
Adobe — adobe.demdex.net:443,Adobe endpoint from supplied list. Port not specified in source; TCP 443 is an assumption. Confirm against Adobe documentation/network policy.,Adobe Creative Cloud,adobe.demdex.net,443,TCP,
Adobe — adobe.tt.omtrdc.net:443,Adobe endpoint from supplied list. Port not specified in source; TCP 443 is an assumption. Confirm against Adobe documentation/network policy.,Adobe Creative Cloud,adobe.tt.omtrdc.net,443,TCP,
Adobe — store1.adobe.com:443,Adobe endpoint from supplied list. Port not specified in source; TCP 443 is an assumption. Confirm against Adobe documentation/network policy.,Adobe Creative Cloud,store1.adobe.com,443,TCP,
Adobe — adobe.com:443,Adobe endpoint from supplied list. Port not specified in source; TCP 443 is an assumption. Confirm against Adobe documentation/network policy.,Adobe Creative Cloud,adobe.com,443,TCP,
Adobe — bam.nr-data.net:443,Adobe endpoint from supplied list. Port not specified in source; TCP 443 is an assumption. Confirm against Adobe documentation/network policy.,Adobe Creative Cloud,bam.nr-data.net,443,TCP,
Adobe — bat.bing.com:443,Adobe endpoint from supplied list. Port not specified in source; TCP 443 is an assumption. Confirm against Adobe documentation/network policy.,Adobe Creative Cloud,bat.bing.com,443,TCP,
Adobe — c.betrad.com:443,Adobe endpoint from supplied list. Port not specified in source; TCP 443 is an assumption. Confirm against Adobe documentation/network policy.,Adobe Creative Cloud,c.betrad.com,443,TCP,
Adobe — c.evidon.com:443,Adobe endpoint from supplied list. Port not specified in source; TCP 443 is an assumption. Confirm against Adobe documentation/network policy.,Adobe Creative Cloud,c.evidon.com,443,TCP,
Adobe — googleads.g.doubleclick.net:443,Adobe endpoint from supplied list. Port not specified in source; TCP 443 is an assumption. Confirm against Adobe documentation/network policy.,Adobe Creative Cloud,googleads.g.doubleclick.net,443,TCP,
Adobe — js-agent.newrelic.com:443,Adobe endpoint from supplied list. Port not specified in source; TCP 443 is an assumption. Confirm against Adobe documentation/network policy.,Adobe Creative Cloud,js-agent.newrelic.com,443,TCP,
Adobe — snap.licdn.com:443,Adobe endpoint from supplied list. Port not specified in source; TCP 443 is an assumption. Confirm against Adobe documentation/network policy.,Adobe Creative Cloud,snap.licdn.com,443,TCP,
Adobe — www.everestjs.net:443,Adobe endpoint from supplied list. Port not specified in source; TCP 443 is an assumption. Confirm against Adobe documentation/network policy.,Adobe Creative Cloud,www.everestjs.net,443,TCP,
Adobe — www.facebook.com:443,Adobe endpoint from supplied list. Port not specified in source; TCP 443 is an assumption. Confirm against Adobe documentation/network policy.,Adobe Creative Cloud,www.facebook.com,443,TCP,
Adobe — www.googleadservices.com:443,Adobe endpoint from supplied list. Port not specified in source; TCP 443 is an assumption. Confirm against Adobe documentation/network policy.,Adobe Creative Cloud,www.googleadservices.com,443,TCP,
Adobe — www.googletagmanager.com:443,Adobe endpoint from supplied list. Port not specified in source; TCP 443 is an assumption. Confirm against Adobe documentation/network policy.,Adobe Creative Cloud,www.googletagmanager.com,443,TCP,
Adobe — match.prod.bidr.io:443,Adobe endpoint from supplied list. Port not specified in source; TCP 443 is an assumption. Confirm against Adobe documentation/network policy.,Adobe Creative Cloud,match.prod.bidr.io,443,TCP,
Adobe — scripts.demandbase.com:443,Adobe endpoint from supplied list. Port not specified in source; TCP 443 is an assumption. Confirm against Adobe documentation/network policy.,Adobe Creative Cloud,scripts.demandbase.com,443,TCP,
Adobe — cdn.inpwrd.net:443,Adobe endpoint from supplied list. Port not specified in source; TCP 443 is an assumption. Confirm against Adobe documentation/network policy.,Adobe Creative Cloud,cdn.inpwrd.net,443,TCP,
Adobe — ct.pinterest.com:443,Adobe endpoint from supplied list. Port not specified in source; TCP 443 is an assumption. Confirm against Adobe documentation/network policy.,Adobe Creative Cloud,ct.pinterest.com,443,TCP,
Adobe — d9.flashtalking.com:443,Adobe endpoint from supplied list. Port not specified in source; TCP 443 is an assumption. Confirm against Adobe documentation/network policy.,Adobe Creative Cloud,d9.flashtalking.com,443,TCP,
Adobe — pixel.quantserve.com:443,Adobe endpoint from supplied list. Port not specified in source; TCP 443 is an assumption. Confirm against Adobe documentation/network policy.,Adobe Creative Cloud,pixel.quantserve.com,443,TCP,
Adobe — 9212252.fls.doubleclick.net:443,Adobe endpoint from supplied list. Port not specified in source; TCP 443 is an assumption. Confirm against Adobe documentation/network policy.,Adobe Creative Cloud,9212252.fls.doubleclick.net,443,TCP,
Adobe — use.edgefonts.net:443,Adobe endpoint from supplied list. Port not specified in source; TCP 443 is an assumption. Confirm against Adobe documentation/network policy.,Adobe Creative Cloud,use.edgefonts.net,443,TCP,
Adobe — adobetag.com:443,Adobe endpoint from supplied list. Port not specified in source; TCP 443 is an assumption. Confirm against Adobe documentation/network policy.,Adobe Creative Cloud,adobetag.com,443,TCP,
Adobe — ans.oobesas.adobe.com:443,Adobe endpoint from supplied list. Port not specified in source; TCP 443 is an assumption. Confirm against Adobe documentation/network policy.,Adobe Creative Cloud,ans.oobesas.adobe.com,443,TCP,
Adobe — api.adobe.io:443,Adobe endpoint from supplied list. Port not specified in source; TCP 443 is an assumption. Confirm against Adobe documentation/network policy.,Adobe Creative Cloud,api.adobe.io,443,TCP,
Adobe — amazonaws.com:443,Adobe endpoint from supplied list. Port not specified in source; TCP 443 is an assumption. Confirm against Adobe documentation/network policy.,Adobe Creative Cloud,amazonaws.com,443,TCP,
Adobe — adobe.io:443,Adobe endpoint from supplied list. Port not specified in source; TCP 443 is an assumption. Confirm against Adobe documentation/network policy.,Adobe Creative Cloud,adobe.io,443,TCP,
Adobe — cc-api-sharedproductions-prerelease.adobe.io:443,Adobe endpoint from supplied list. Port not specified in source; TCP 443 is an assumption. Confirm against Adobe documentation/network policy.,Adobe Creative Cloud,cc-api-sharedproductions-prerelease.adobe.io,443,TCP,
Adobe — cc-api-teamprojects.adobe.io:443,Adobe endpoint from supplied list. Port not specified in source; TCP 443 is an assumption. Confirm against Adobe documentation/network policy.,Adobe Creative Cloud,cc-api-teamprojects.adobe.io,443,TCP,
Adobe — cc-api-teamprojects-ue1.adobe.io:443,Adobe endpoint from supplied list. Port not specified in source; TCP 443 is an assumption. Confirm against Adobe documentation/network policy.,Adobe Creative Cloud,cc-api-teamprojects-ue1.adobe.io,443,TCP,
Adobe — cc-api-teamprojects-ew1.adobe.io:443,Adobe endpoint from supplied list. Port not specified in source; TCP 443 is an assumption. Confirm against Adobe documentation/network policy.,Adobe Creative Cloud,cc-api-teamprojects-ew1.adobe.io,443,TCP,
Adobe — cc-api-teamprojects-an1.adobe.io:443,Adobe endpoint from supplied list. Port not specified in source; TCP 443 is an assumption. Confirm against Adobe documentation/network policy.,Adobe Creative Cloud,cc-api-teamprojects-an1.adobe.io,443,TCP,
Adobe — docs.aws.amazon.com:443,Adobe endpoint from supplied list. Port not specified in source; TCP 443 is an assumption. Confirm against Adobe documentation/network policy.,Adobe Creative Cloud,docs.aws.amazon.com,443,TCP,
Adobe — adobe-voice.adobe.io:443,Adobe endpoint from supplied list. Port not specified in source; TCP 443 is an assumption. Confirm against Adobe documentation/network policy.,Adobe Creative Cloud,adobe-voice.adobe.io,443,TCP,
Adobe — adobe-voice-va7.adobe.io:443,Adobe endpoint from supplied list. Port not specified in source; TCP 443 is an assumption. Confirm against Adobe documentation/network policy.,Adobe Creative Cloud,adobe-voice-va7.adobe.io,443,TCP,
Adobe — adobe-voice-nld2.adobe.io:443,Adobe endpoint from supplied list. Port not specified in source; TCP 443 is an assumption. Confirm against Adobe documentation/network policy.,Adobe Creative Cloud,adobe-voice-nld2.adobe.io,443,TCP,
Adobe — blob.core.windows.net:443,Adobe endpoint from supplied list. Port not specified in source; TCP 443 is an assumption. Confirm against Adobe documentation/network policy.,Adobe Creative Cloud,blob.core.windows.net,443,TCP,
Adobe — oz-prod-masters.s3.us-west-2.amazonaws.com:443,Adobe endpoint from supplied list. Port not specified in source; TCP 443 is an assumption. Confirm against Adobe documentation/network policy.,Adobe Creative Cloud,oz-prod-masters.s3.us-west-2.amazonaws.com,443,TCP,
Adobe — oz-prod-proxies.s3.us-west-2.amazonaws.com:443,Adobe endpoint from supplied list. Port not specified in source; TCP 443 is an assumption. Confirm against Adobe documentation/network policy.,Adobe Creative Cloud,oz-prod-proxies.s3.us-west-2.amazonaws.com,443,TCP,
Adobe — oz-prod-proxies-video-1080p.s3.us-west-2.amazonaws.com:443,Adobe endpoint from supplied list. Port not specified in source; TCP 443 is an assumption. Confirm against Adobe documentation/network policy.,Adobe Creative Cloud,oz-prod-proxies-video-1080p.s3.us-west-2.amazonaws.com,443,TCP,
Adobe — oz-prod-proxies-video-1080p-bt709.s3.us-west-2.amazonaws.com:443,Adobe endpoint from supplied list. Port not specified in source; TCP 443 is an assumption. Confirm against Adobe documentation/network policy.,Adobe Creative Cloud,oz-prod-proxies-video-1080p-bt709.s3.us-west-2.amazonaws.com,443,TCP,
Adobe — oz-prod-proxies-video-1080p709.s3.us-west-2.amazonaws.com:443,Adobe endpoint from supplied list. Port not specified in source; TCP 443 is an assumption. Confirm against Adobe documentation/network policy.,Adobe Creative Cloud,oz-prod-proxies-video-1080p709.s3.us-west-2.amazonaws.com,443,TCP,
Adobe — oz-prod-proxies-video-360p.s3.us-west-2.amazonaws.com:443,Adobe endpoint from supplied list. Port not specified in source; TCP 443 is an assumption. Confirm against Adobe documentation/network policy.,Adobe Creative Cloud,oz-prod-proxies-video-360p.s3.us-west-2.amazonaws.com,443,TCP,
Adobe — oz-prod-proxies-video-fullsize.s3.us-west-2.amazonaws.com:443,Adobe endpoint from supplied list. Port not specified in source; TCP 443 is an assumption. Confirm against Adobe documentation/network policy.,Adobe Creative Cloud,oz-prod-proxies-video-fullsize.s3.us-west-2.amazonaws.com,443,TCP,
Adobe — revel-prod-us-west-2.s3.us-west-2.amazonaws.com:443,Adobe endpoint from supplied list. Port not specified in source; TCP 443 is an assumption. Confirm against Adobe documentation/network policy.,Adobe Creative Cloud,revel-prod-us-west-2.s3.us-west-2.amazonaws.com,443,TCP,
Adobe — oz-prod-asset-aux.s3.us-west-2.amazonaws.com:443,Adobe endpoint from supplied list. Port not specified in source; TCP 443 is an assumption. Confirm against Adobe documentation/network policy.,Adobe Creative Cloud,oz-prod-asset-aux.s3.us-west-2.amazonaws.com,443,TCP,
Adobe — oz-prod-cr-params.s3.us-west-2.amazonaws.com:443,Adobe endpoint from supplied list. Port not specified in source; TCP 443 is an assumption. Confirm against Adobe documentation/network policy.,Adobe Creative Cloud,oz-prod-cr-params.s3.us-west-2.amazonaws.com,443,TCP,
Adobe — directstorage.adbephotos.com:443,Adobe endpoint from supplied list. Port not specified in source; TCP 443 is an assumption. Confirm against Adobe documentation/network policy.,Adobe Creative Cloud,directstorage.adbephotos.com,443,TCP,
Adobe — oz-prod-versions.s3.us-west-2.amazonaws.com:443,Adobe endpoint from supplied list. Port not specified in source; TCP 443 is an assumption. Confirm against Adobe documentation/network policy.,Adobe Creative Cloud,oz-prod-versions.s3.us-west-2.amazonaws.com,443,TCP,
Adobe — mds-cdn.infra.adobesensei.io:443,Adobe endpoint from supplied list. Port not specified in source; TCP 443 is an assumption. Confirm against Adobe documentation/network policy.,Adobe Creative Cloud,mds-cdn.infra.adobesensei.io,443,TCP,
Adobe — senseimds.adobe.io:443,Adobe endpoint from supplied list. Port not specified in source; TCP 443 is an assumption. Confirm against Adobe documentation/network policy.,Adobe Creative Cloud,senseimds.adobe.io,443,TCP,
Adobe — windows:443,Adobe endpoint from supplied list. Port not specified in source; TCP 443 is an assumption. Confirm against Adobe documentation/network policy.,Adobe Creative Cloud,windows,443,TCP,
Adobe — apple:443,Adobe endpoint from supplied list. Port not specified in source; TCP 443 is an assumption. Confirm against Adobe documentation/network policy.,Adobe Creative Cloud,apple,443,TCP,
Adobe — creative.adobe.com:443,Adobe endpoint from supplied list. Port not specified in source; TCP 443 is an assumption. Confirm against Adobe documentation/network policy.,Adobe Creative Cloud,creative.adobe.com,443,TCP,
Adobe — myportfolio.com:443,Adobe endpoint from supplied list. Port not specified in source; TCP 443 is an assumption. Confirm against Adobe documentation/network policy.,Adobe Creative Cloud,myportfolio.com,443,TCP,
Adobe — splcloud.adobe.io:443,Adobe endpoint from supplied list. Port not specified in source; TCP 443 is an assumption. Confirm against Adobe documentation/network policy.,Adobe Creative Cloud,splcloud.adobe.io,443,TCP,
Adobe — firefly-prerelease.adobe.io:443,Adobe endpoint from supplied list. Port not specified in source; TCP 443 is an assumption. Confirm against Adobe documentation/network policy.,Adobe Creative Cloud,firefly-prerelease.adobe.io,443,TCP,
Adobe — firefly-cliov2.adobe.io:443,Adobe endpoint from supplied list. Port not specified in source; TCP 443 is an assumption. Confirm against Adobe documentation/network policy.,Adobe Creative Cloud,firefly-cliov2.adobe.io,443,TCP,
Adobe — firefly-beta.adobe.io:443,Adobe endpoint from supplied list. Port not specified in source; TCP 443 is an assumption. Confirm against Adobe documentation/network policy.,Adobe Creative Cloud,firefly-beta.adobe.io,443,TCP,
Adobe — firefly-balancer.adobe.io:443,Adobe endpoint from supplied list. Port not specified in source; TCP 443 is an assumption. Confirm against Adobe documentation/network policy.,Adobe Creative Cloud,firefly-balancer.adobe.io,443,TCP,
Adobe — firefly-cme-training.adobe.io:443,Adobe endpoint from supplied list. Port not specified in source; TCP 443 is an assumption. Confirm against Adobe documentation/network policy.,Adobe Creative Cloud,firefly-cme-training.adobe.io,443,TCP,
Adobe — firefly-cme-inference.adobe.io:443,Adobe endpoint from supplied list. Port not specified in source; TCP 443 is an assumption. Confirm against Adobe documentation/network policy.,Adobe Creative Cloud,firefly-cme-inference.adobe.io,443,TCP,
Adobe — firefly-clio-imaging-prerelease.adobe.io:443,Adobe endpoint from supplied list. Port not specified in source; TCP 443 is an assumption. Confirm against Adobe documentation/network policy.,Adobe Creative Cloud,firefly-clio-imaging-prerelease.adobe.io,443,TCP,
Adobe — firefly-3di.adobe.io:443,Adobe endpoint from supplied list. Port not specified in source; TCP 443 is an assumption. Confirm against Adobe documentation/network policy.,Adobe Creative Cloud,firefly-3di.adobe.io,443,TCP,
Adobe — aep-cs-blobstore-prod-va6-data.s3.amazonaws.com:443,Adobe endpoint from supplied list. Port not specified in source; TCP 443 is an assumption. Confirm against Adobe documentation/network policy.,Adobe Creative Cloud,aep-cs-blobstore-prod-va6-data.s3.amazonaws.com,443,TCP,
Adobe — dc-api-v2.adobe.io:443,Adobe endpoint from supplied list. Port not specified in source; TCP 443 is an assumption. Confirm against Adobe documentation/network policy.,Adobe Creative Cloud,dc-api-v2.adobe.io,443,TCP,
Adobe — platform-cs-va6-adobe.io:443,Adobe endpoint from supplied list. Port not specified in source; TCP 443 is an assumption. Confirm against Adobe documentation/network policy.,Adobe Creative Cloud,platform-cs-va6-adobe.io,443,TCP,
Adobe — esp.aptrinsic.com:443,Adobe endpoint from supplied list. Port not specified in source; TCP 443 is an assumption. Confirm against Adobe documentation/network policy.,Adobe Creative Cloud,esp.aptrinsic.com,443,TCP,
Adobe — prosite.com:443,Adobe endpoint from supplied list. Port not specified in source; TCP 443 is an assumption. Confirm against Adobe documentation/network policy.,Adobe Creative Cloud,prosite.com,443,TCP,
Adobe — story.adobe.com:443,Adobe endpoint from supplied list. Port not specified in source; TCP 443 is an assumption. Confirm against Adobe documentation/network policy.,Adobe Creative Cloud,story.adobe.com,443,TCP,
Adobe — build.phonegap.com:443,Adobe endpoint from supplied list. Port not specified in source; TCP 443 is an assumption. Confirm against Adobe documentation/network policy.,Adobe Creative Cloud,build.phonegap.com,443,TCP,
Adobe — typekit.com:443,Adobe endpoint from supplied list. Port not specified in source; TCP 443 is an assumption. Confirm against Adobe documentation/network policy.,Adobe Creative Cloud,typekit.com,443,TCP,
Adobe — polka.typekit.net:443,Adobe endpoint from supplied list. Port not specified in source; TCP 443 is an assumption. Confirm against Adobe documentation/network policy.,Adobe Creative Cloud,polka.typekit.net,443,TCP,
Adobe — afwebcdn.fonts.adobe.com:443,Adobe endpoint from supplied list. Port not specified in source; TCP 443 is an assumption. Confirm against Adobe documentation/network policy.,Adobe Creative Cloud,afwebcdn.fonts.adobe.com,443,TCP,
Adobe — businesscatalyst.com:443,Adobe endpoint from supplied list. Port not specified in source; TCP 443 is an assumption. Confirm against Adobe documentation/network policy.,Adobe Creative Cloud,businesscatalyst.com,443,TCP,
Adobe — digitalpublishing.acrobat.com:443,Adobe endpoint from supplied list. Port not specified in source; TCP 443 is an assumption. Confirm against Adobe documentation/network policy.,Adobe Creative Cloud,digitalpublishing.acrobat.com,443,TCP,
Adobe — color.adobe.com:443,Adobe endpoint from supplied list. Port not specified in source; TCP 443 is an assumption. Confirm against Adobe documentation/network policy.,Adobe Creative Cloud,color.adobe.com,443,TCP,
Adobe — licensing.adobe.com:443,Adobe endpoint from supplied list. Port not specified in source; TCP 443 is an assumption. Confirm against Adobe documentation/network policy.,Adobe Creative Cloud,licensing.adobe.com,443,TCP,
Adobe — store.adobe.com:443,Adobe endpoint from supplied list. Port not specified in source; TCP 443 is an assumption. Confirm against Adobe documentation/network policy.,Adobe Creative Cloud,store.adobe.com,443,TCP,
Adobe — store2.adobe.com:443,Adobe endpoint from supplied list. Port not specified in source; TCP 443 is an assumption. Confirm against Adobe documentation/network policy.,Adobe Creative Cloud,store2.adobe.com,443,TCP,
Adobe — store3.adobe.com:443,Adobe endpoint from supplied list. Port not specified in source; TCP 443 is an assumption. Confirm against Adobe documentation/network policy.,Adobe Creative Cloud,store3.adobe.com,443,TCP,
Adobe — photoshop.com:443,Adobe endpoint from supplied list. Port not specified in source; TCP 443 is an assumption. Confirm against Adobe documentation/network policy.,Adobe Creative Cloud,photoshop.com,443,TCP,
Adobe — podcast.adobe.com:443,Adobe endpoint from supplied list. Port not specified in source; TCP 443 is an assumption. Confirm against Adobe documentation/network policy.,Adobe Creative Cloud,podcast.adobe.com,443,TCP,
Adobe — phonos-server.adobe.io:443,Adobe endpoint from supplied list. Port not specified in source; TCP 443 is an assumption. Confirm against Adobe documentation/network policy.,Adobe Creative Cloud,phonos-server.adobe.io,443,TCP,
Adobe — phonos-recordings-production.s3-accelerate.amazonaws.com:443,Adobe endpoint from supplied list. Port not specified in source; TCP 443 is an assumption. Confirm against Adobe documentation/network policy.,Adobe Creative Cloud,phonos-recordings-production.s3-accelerate.amazonaws.com,443,TCP,
Adobe — phonos-recordings-production.s3.amazonaws.com:443,Adobe endpoint from supplied list. Port not specified in source; TCP 443 is an assumption. Confirm against Adobe documentation/network policy.,Adobe Creative Cloud,phonos-recordings-production.s3.amazonaws.com,443,TCP,
Adobe — cdn.cookielaw.org:443,Adobe endpoint from supplied list. Port not specified in source; TCP 443 is an assumption. Confirm against Adobe documentation/network policy.,Adobe Creative Cloud,cdn.cookielaw.org,443,TCP,
Adobe — daily.co:443,Adobe endpoint from supplied list. Port not specified in source; TCP 443 is an assumption. Confirm against Adobe documentation/network policy.,Adobe Creative Cloud,daily.co,443,TCP,
Adobe — wss.daily.co:443,Adobe endpoint from supplied list. Port not specified in source; TCP 443 is an assumption. Confirm against Adobe documentation/network policy.,Adobe Creative Cloud,wss.daily.co,443,TCP,
Adobe — prod-ks.pluot.blue:443,Adobe endpoint from supplied list. Port not specified in source; TCP 443 is an assumption. Confirm against Adobe documentation/network policy.,Adobe Creative Cloud,prod-ks.pluot.blue,443,TCP,
Adobe — access.imageclub.com:443,Adobe endpoint from supplied list. Port not specified in source; TCP 443 is an assumption. Confirm against Adobe documentation/network policy.,Adobe Creative Cloud,access.imageclub.com,443,TCP,
Adobe — play.google.com:443,Adobe endpoint from supplied list. Port not specified in source; TCP 443 is an assumption. Confirm against Adobe documentation/network policy.,Adobe Creative Cloud,play.google.com,443,TCP,
Adobe — www.flickr.com:443,Adobe endpoint from supplied list. Port not specified in source; TCP 443 is an assumption. Confirm against Adobe documentation/network policy.,Adobe Creative Cloud,www.flickr.com,443,TCP,
Adobe — chrome.google.com:443,Adobe endpoint from supplied list. Port not specified in source; TCP 443 is an assumption. Confirm against Adobe documentation/network policy.,Adobe Creative Cloud,chrome.google.com,443,TCP,
Adobe — soundcloud.com:443,Adobe endpoint from supplied list. Port not specified in source; TCP 443 is an assumption. Confirm against Adobe documentation/network policy.,Adobe Creative Cloud,soundcloud.com,443,TCP,
Adobe — www.freedb.org:443,Adobe endpoint from supplied list. Port not specified in source; TCP 443 is an assumption. Confirm against Adobe documentation/network policy.,Adobe Creative Cloud,www.freedb.org,443,TCP,
Adobe — developer.apple.com:443,Adobe endpoint from supplied list. Port not specified in source; TCP 443 is an assumption. Confirm against Adobe documentation/network policy.,Adobe Creative Cloud,developer.apple.com,443,TCP,
Adobe — subversion.tigris.org:443,Adobe endpoint from supplied list. Port not specified in source; TCP 443 is an assumption. Confirm against Adobe documentation/network policy.,Adobe Creative Cloud,subversion.tigris.org,443,TCP,
Adobe — www.ietf.org:443,Adobe endpoint from supplied list. Port not specified in source; TCP 443 is an assumption. Confirm against Adobe documentation/network policy.,Adobe Creative Cloud,www.ietf.org,443,TCP,
Adobe — framework.zend.com:443,Adobe endpoint from supplied list. Port not specified in source; TCP 443 is an assumption. Confirm against Adobe documentation/network policy.,Adobe Creative Cloud,framework.zend.com,443,TCP,
Adobe — windowsupdate.com:443,Adobe endpoint from supplied list. Port not specified in source; TCP 443 is an assumption. Confirm against Adobe documentation/network policy.,Adobe Creative Cloud,windowsupdate.com,443,TCP,
Adobe — digicert.com:443,Adobe endpoint from supplied list. Port not specified in source; TCP 443 is an assumption. Confirm against Adobe documentation/network policy.,Adobe Creative Cloud,digicert.com,443,TCP,
Adobe — geotrust.com:443,Adobe endpoint from supplied list. Port not specified in source; TCP 443 is an assumption. Confirm against Adobe documentation/network policy.,Adobe Creative Cloud,geotrust.com,443,TCP,
Adobe — globalsign.com:443,Adobe endpoint from supplied list. Port not specified in source; TCP 443 is an assumption. Confirm against Adobe documentation/network policy.,Adobe Creative Cloud,globalsign.com,443,TCP,
Adobe — godaddy.com:443,Adobe endpoint from supplied list. Port not specified in source; TCP 443 is an assumption. Confirm against Adobe documentation/network policy.,Adobe Creative Cloud,godaddy.com,443,TCP,
Adobe — twitter.com:443,Adobe endpoint from supplied list. Port not specified in source; TCP 443 is an assumption. Confirm against Adobe documentation/network policy.,Adobe Creative Cloud,twitter.com,443,TCP,
Adobe — www.microsoft.com:443,Adobe endpoint from supplied list. Port not specified in source; TCP 443 is an assumption. Confirm against Adobe documentation/network policy.,Adobe Creative Cloud,www.microsoft.com,443,TCP,
Adobe — ftp.yourdomain.com:443,Adobe endpoint from supplied list. Port not specified in source; TCP 443 is an assumption. Confirm against Adobe documentation/network policy.,Adobe Creative Cloud,ftp.yourdomain.com,443,TCP,
Adobe — www.amazon.com:443,Adobe endpoint from supplied list. Port not specified in source; TCP 443 is an assumption. Confirm against Adobe documentation/network policy.,Adobe Creative Cloud,www.amazon.com,443,TCP,
Adobe — www.mp3licensing.com:443,Adobe endpoint from supplied list. Port not specified in source; TCP 443 is an assumption. Confirm against Adobe documentation/network policy.,Adobe Creative Cloud,www.mp3licensing.com,443,TCP,
Adobe — itunes.apple.com:443,Adobe endpoint from supplied list. Port not specified in source; TCP 443 is an assumption. Confirm against Adobe documentation/network policy.,Adobe Creative Cloud,itunes.apple.com,443,TCP,
Adobe — www.apple.com:443,Adobe endpoint from supplied list. Port not specified in source; TCP 443 is an assumption. Confirm against Adobe documentation/network policy.,Adobe Creative Cloud,www.apple.com,443,TCP,
Adobe — www.python.org:443,Adobe endpoint from supplied list. Port not specified in source; TCP 443 is an assumption. Confirm against Adobe documentation/network policy.,Adobe Creative Cloud,www.python.org,443,TCP,
Adobe — jquerymobile.com:443,Adobe endpoint from supplied list. Port not specified in source; TCP 443 is an assumption. Confirm against Adobe documentation/network policy.,Adobe Creative Cloud,jquerymobile.com,443,TCP,
Adobe — www.color.org:443,Adobe endpoint from supplied list. Port not specified in source; TCP 443 is an assumption. Confirm against Adobe documentation/network policy.,Adobe Creative Cloud,www.color.org,443,TCP,
Adobe — omniroot.com:443,Adobe endpoint from supplied list. Port not specified in source; TCP 443 is an assumption. Confirm against Adobe documentation/network policy.,Adobe Creative Cloud,omniroot.com,443,TCP,
Adobe — symantec.com:443,Adobe endpoint from supplied list. Port not specified in source; TCP 443 is an assumption. Confirm against Adobe documentation/network policy.,Adobe Creative Cloud,symantec.com,443,TCP,
Adobe — symcb.com:443,Adobe endpoint from supplied list. Port not specified in source; TCP 443 is an assumption. Confirm against Adobe documentation/network policy.,Adobe Creative Cloud,symcb.com,443,TCP,
Adobe — symcd.com:443,Adobe endpoint from supplied list. Port not specified in source; TCP 443 is an assumption. Confirm against Adobe documentation/network policy.,Adobe Creative Cloud,symcd.com,443,TCP,
Adobe — www.rulesforuse.org:443,Adobe endpoint from supplied list. Port not specified in source; TCP 443 is an assumption. Confirm against Adobe documentation/network policy.,Adobe Creative Cloud,www.rulesforuse.org,443,TCP,
Adobe — maps.google.com:443,Adobe endpoint from supplied list. Port not specified in source; TCP 443 is an assumption. Confirm against Adobe documentation/network policy.,Adobe Creative Cloud,maps.google.com,443,TCP,
Adobe — www.eclipse.org:443,Adobe endpoint from supplied list. Port not specified in source; TCP 443 is an assumption. Confirm against Adobe documentation/network policy.,Adobe Creative Cloud,www.eclipse.org,443,TCP,
Adobe — www.shutterfly.com:443,Adobe endpoint from supplied list. Port not specified in source; TCP 443 is an assumption. Confirm against Adobe documentation/network policy.,Adobe Creative Cloud,www.shutterfly.com,443,TCP,
Adobe — msdn.microsoft.com:443,Adobe endpoint from supplied list. Port not specified in source; TCP 443 is an assumption. Confirm against Adobe documentation/network policy.,Adobe Creative Cloud,msdn.microsoft.com,443,TCP,
Adobe — www.zoomify.com:443,Adobe endpoint from supplied list. Port not specified in source; TCP 443 is an assumption. Confirm against Adobe documentation/network policy.,Adobe Creative Cloud,www.zoomify.com,443,TCP,
Adobe — www.evidon.com:443,Adobe endpoint from supplied list. Port not specified in source; TCP 443 is an assumption. Confirm against Adobe documentation/network policy.,Adobe Creative Cloud,www.evidon.com,443,TCP,
Adobe — www.betrad.com:443,Adobe endpoint from supplied list. Port not specified in source; TCP 443 is an assumption. Confirm against Adobe documentation/network policy.,Adobe Creative Cloud,www.betrad.com,443,TCP,
Adobe — thawte.com:443,Adobe endpoint from supplied list. Port not specified in source; TCP 443 is an assumption. Confirm against Adobe documentation/network policy.,Adobe Creative Cloud,thawte.com,443,TCP,
Adobe — verisign.com:443,Adobe endpoint from supplied list. Port not specified in source; TCP 443 is an assumption. Confirm against Adobe documentation/network policy.,Adobe Creative Cloud,verisign.com,443,TCP,
Adobe — api.mapbox.com:443,Adobe endpoint from supplied list. Port not specified in source; TCP 443 is an assumption. Confirm against Adobe documentation/network policy.,Adobe Creative Cloud,api.mapbox.com,443,TCP,
Adobe — worldsecuresystems.com:443,Adobe endpoint from supplied list. Port not specified in source; TCP 443 is an assumption. Confirm against Adobe documentation/network policy.,Adobe Creative Cloud,worldsecuresystems.com,443,TCP,
Adobe — adobe-oobe-prod-data-store-ue1.s3.amazonaws.com:443,Adobe endpoint from supplied list. Port not specified in source; TCP 443 is an assumption. Confirm against Adobe documentation/network policy.,Adobe Creative Cloud,adobe-oobe-prod-data-store-ue1.s3.amazonaws.com,443,TCP,
Adobe — encoded-videos-0.s3.amazonaws.com:443,Adobe endpoint from supplied list. Port not specified in source; TCP 443 is an assumption. Confirm against Adobe documentation/network policy.,Adobe Creative Cloud,encoded-videos-0.s3.amazonaws.com,443,TCP,
Adobe — fotolia-prod-3dobjects.s3.amazonaws.com:443,Adobe endpoint from supplied list. Port not specified in source; TCP 443 is an assumption. Confirm against Adobe documentation/network policy.,Adobe Creative Cloud,fotolia-prod-3dobjects.s3.amazonaws.com,443,TCP,
Adobe — fotolia-prod-audios-originals.s3.amazonaws.com:443,Adobe endpoint from supplied list. Port not specified in source; TCP 443 is an assumption. Confirm against Adobe documentation/network policy.,Adobe Creative Cloud,fotolia-prod-audios-originals.s3.amazonaws.com,443,TCP,
Adobe — fotolia-prod-templates.s3.amazonaws.com:443,Adobe endpoint from supplied list. Port not specified in source; TCP 443 is an assumption. Confirm against Adobe documentation/network policy.,Adobe Creative Cloud,fotolia-prod-templates.s3.amazonaws.com,443,TCP,
Adobe — fotolia-prod-videos-0.s3.eu-west-1.amazonaws.com:443,Adobe endpoint from supplied list. Port not specified in source; TCP 443 is an assumption. Confirm against Adobe documentation/network policy.,Adobe Creative Cloud,fotolia-prod-videos-0.s3.eu-west-1.amazonaws.com,443,TCP,
Adobe — fotolia-prod-vectors.s3.eu-west-1.amazonaws.com:443,Adobe endpoint from supplied list. Port not specified in source; TCP 443 is an assumption. Confirm against Adobe documentation/network policy.,Adobe Creative Cloud,fotolia-prod-vectors.s3.eu-west-1.amazonaws.com,443,TCP,
Adobe — sharedcloud-production-us-east-1-data-asset.s3.amazonaws.com:443,Adobe endpoint from supplied list. Port not specified in source; TCP 443 is an assumption. Confirm against Adobe documentation/network policy.,Adobe Creative Cloud,sharedcloud-production-us-east-1-data-asset.s3.amazonaws.com,443,TCP,
Adobe — stock-vip-processed-prod-irl1.s3.eu-west-1.amazonaws.com:443,Adobe endpoint from supplied list. Port not specified in source; TCP 443 is an assumption. Confirm against Adobe documentation/network policy.,Adobe Creative Cloud,stock-vip-processed-prod-irl1.s3.eu-west-1.amazonaws.com,443,TCP,
Adobe — thumbs-0.s3.amazonaws.com:443,Adobe endpoint from supplied list. Port not specified in source; TCP 443 is an assumption. Confirm against Adobe documentation/network policy.,Adobe Creative Cloud,thumbs-0.s3.amazonaws.com,443,TCP,
Adobe — videos-0.s3-eu-central-1.amazonaws.com:443,Adobe endpoint from supplied list. Port not specified in source; TCP 443 is an assumption. Confirm against Adobe documentation/network policy.,Adobe Creative Cloud,videos-0.s3-eu-central-1.amazonaws.com,443,TCP,
